Transaction Hash,Status,Method,Blockno,DateTime (UTC),From,From_Nametag,To,To_Nametag,Amount,Value (USD),Txn Fee
"0x5fb3af3b42e5bcf08c989c4a38f213b1477eaa88b439cc21d9cf0a25ead92da4","Success","Transfer","15479088","2022-09-05 17:21:56","0x974caa59e49682cda0ad2bbe82983419a2ecc400","Stake.com","0x29605c2f5eb8518c864c83d9bbbf7608917e3bd5","","0.15635 ETH","$600.76","0.00017294"
"0x6b2cdd020df5438de3daa7ac2a04add822f2fa04e51f1a308c0f9efc5a2a8f08","Success","Deposit ETH","15479088","2022-09-05 17:21:56","0x3573ce5a67b944cda9acd19f6d4786057ffb3a42","","0xabea9132b05a70803a4e85094fd0e1800777fbef","zkSync","0.046 ETH","$176.75","0.00051572"
"0xcd7cd9188981a9e0268c8f1ddbd8bd3a2e669cacedeeb22291d172b19da99c91","Success","Mint","15479088","2022-09-05 17:21:56","0xd5b6cd870da70190b1da2911453da85101ea7eec","","0x063233df3a67da480fc2c111836c11cfed48931c","","0 ETH","$0.00","0.00089304"
"0xb56334115b4164772463ed0d7e3004002814df7e342458a6d3a68b14bef1698f","Success","Withdraw","15479088","2022-09-05 17:21:56","0xcd4a15841a4906ff78d3f2aa8e55936f1a7ae4a5","","0x9983d8cdeaf7872501628229d311e2f7df396add","","0 ETH","$0.00","0.00078314"
"0x70ed0ac76e74590ce79d4a0b478ead6c75d160158f76adb3dcb4632715936cf9","Success","Set Approval For All","15479088","2022-09-05 17:21:56","0x765a30581c84d2e8e6e6c620e822e9d40cc66077","simpnest.eth","0x2f073c4a897c615101fe4df00ea0869191c6fa8d","Drunk Robots: DR Token","0 ETH","$0.00","0.00041154"
"0x19e392cf327f904f5c326a52872b54199eea1a66558b8b60bcfda1d42f43a886","Success","Multicall","15479088","2022-09-05 17:21:56","0x80fac6042759cea6bdb7d8660161bb1c67b2c718","","0x68b3465833fb72a70ecdf485e0e4c7bd8665fc45","Uniswap V3: Router 2","0.05 ETH","$192.12","0.00144801"
"0xbba62e4ae7730260b698cd89e6529a7f17fa9da818773d3d7aed38668395ff8c","Success","Transfer","15479088","2022-09-05 17:21:56","0x00192fb10df37c9fb26829eb2cc623cd1bf599e8","2Miners: PPLNS","0x9672f98f48862c36335b73185de3a591fff20550","","0.020333873 ETH","$78.13","0.00018737"
"0xb5b0f2f84fa1177ded9fcf25bfec57e8735b36722a58b002989171f85df32d9e","Success","Transfer","15479088","2022-09-05 17:21:56","0x00192fb10df37c9fb26829eb2cc623cd1bf599e8","2Miners: PPLNS","0xce3284219ba23eec3014ab1609728a45b5c27feb","","0.020249255 ETH","$77.81","0.00018766"
"0x5cdf1a43c24b185d267c4263575ef8bf1dee06cd6890b9df1575a76b4daf0154","Success","Transfer","15479088","2022-09-05 17:21:56","0x00192fb10df37c9fb26829eb2cc623cd1bf599e8","2Miners: PPLNS","0x423fcdf25746e53bf609baa83d02fa05e7b1c994","","0.026155309 ETH","$100.50","0.00018737"
"0x2e6892853b588ecd2ec46de02aa9b532353e8589bc6b30a0d6d5fe46328482a1","Success","Transfer","15479088","2022-09-05 17:21:56","0x00192fb10df37c9fb26829eb2cc623cd1bf599e8","2Miners: PPLNS","0xcbac325d0c9d3be83100cdff18487c5e5c382722","","0.028353136 ETH","$108.95","0.00018737"
"0x48ba2d7d81d5f27135f5c593a3891acc94579ff9cffd370bcfa18081a43fd808","Success","Transfer","15479088","2022-09-05 17:21:56","0x00192fb10df37c9fb26829eb2cc623cd1bf599e8","2Miners: PPLNS","0xc7462e3c3bd6d538b1514916a68673ec8e7a06ca","","0.029192828 ETH","$112.17","0.00018737"
"0xd732ac403f31cfdbbdd18c0e1592e696757d8b68019fc53e200d77efbf84a774","Success","Transfer","15479088","2022-09-05 17:21:56","0xbc46b2500f9c6ef700ee2991e7e6262f2a2c976d","","0xcb67b49703b413e2e3e63331673f8e3ac470255e","","0.2 ETH","$768.49","0.00018737"
"0x82a825f193ab37ecf07e7173ccd9e420862b0f21ed13a0bfee0b74e12ecad68a","Success","Transfer","15479088","2022-09-05 17:21:56","0x00192fb10df37c9fb26829eb2cc623cd1bf599e8","2Miners: PPLNS","0x477e197af0760c0209845709fdd89bdc9715575e","","0.044374802 ETH","$170.51","0.00018737"
"0x3c5a36462cd000e8a4f3909363bc3a20c34987ceb1b422ed2a30a53490d1670d","Success","Transfer","15479088","2022-09-05 17:21:56","0x00192fb10df37c9fb26829eb2cc623cd1bf599e8","2Miners: PPLNS","0x785a2875a74f0e2cc214d03b99264ee6880f83de","","0.042322062 ETH","$162.62","0.00018737"
"0x14a698d74caa36c030a183e2d55e55655279ba9664d86cbb0f10a4183d7ee9c9","Success","Transfer","15479088","2022-09-05 17:21:56","0x00192fb10df37c9fb26829eb2cc623cd1bf599e8","2Miners: PPLNS","0x6f4fbf430a957ce996a7fc0f924b93925b77decd","","0.048320024 ETH","$185.67","0.00018737"
"0x02c5a4124e5a3acc486d3bd9e47128d4c758cec447f5d0bbe1f23e9eb9db968b","Success","Transfer","15479088","2022-09-05 17:21:56","0x00192fb10df37c9fb26829eb2cc623cd1bf599e8","2Miners: PPLNS","0x125af5a4481080d2f560a0597369f06597b20bb6","","0.04560722 ETH","$175.24","0.00018737"
"0x9003069a360066da886bd049a38b8dae712a4a81ad8d8810f25cc5e78bbdcb2f","Success","Transfer","15479088","2022-09-05 17:21:56","0x00192fb10df37c9fb26829eb2cc623cd1bf599e8","2Miners: PPLNS","0x0666804b934cc8ce619cec5560c328ab231ef1c4","","0.048334517 ETH","$185.72","0.00018737"
"0x67afb8afa7e1aad49e899158e14f54523edcb00f47ca4aa512aec9bb6d77a4ed","Success","Transfer","15479088","2022-09-05 17:21:56","0x00192fb10df37c9fb26829eb2cc623cd1bf599e8","2Miners: PPLNS","0x47ac59987195e41cff061f6d5030fdb5888fa544","","0.048375315 ETH","$185.88","0.00018737"
"0x914cccbcd02ecd0179615c6f0ec469a54033e617f3c25bb6841f8893a893b085","Success","Transfer","15479088","2022-09-05 17:21:56","0x00192fb10df37c9fb26829eb2cc623cd1bf599e8","2Miners: PPLNS","0x0640721913a768a564b4918be9936c73df949eea","","0.04567266 ETH","$175.49","0.00018737"
"0xba85deb826b396b814521462e690a3962020b720fa59a40db48841b1ab2ec8fe","Success","Transfer","15479088","2022-09-05 17:21:56","0x00192fb10df37c9fb26829eb2cc623cd1bf599e8","2Miners: PPLNS","0x870c77ba2e0f059a24573be787d6db6ae50b1231","Binance Dep: 0x870C77ba2E0f059a24573be787d6DB6Ae50B1231","0.048461915 ETH","$186.21","0.00018737"
"0x61c7f6f27f20c1c4395777f4a079716893fb121f334bc15976988b5ac7dac24e","Success","Transfer","15479088","2022-09-05 17:21:56","0x00192fb10df37c9fb26829eb2cc623cd1bf599e8","2Miners: PPLNS","0xbd34d8fc110aefd5826a641a9571a9e2b2a275f8","OKX Dep: 0xBD34D8fc110aEfD5826a641a9571A9E2B2a275F8","0.048631259 ETH","$186.86","0.00018737"
"0xa5648d3adafab4f888dd03d74194f8f642d85868a95747b3877c587f5e94128f","Success","Transfer","15479088","2022-09-05 17:21:56","0x00192fb10df37c9fb26829eb2cc623cd1bf599e8","2Miners: PPLNS","0xbe78de34e6fb2bbc3e1bb421de2a2e6ab8ee2c82","","0.049239675 ETH","$189.20","0.00018737"
"0x9d1eb6bf7b366502fc9a189c2344dfbb1aad2db746fa818314d76074211a9585","Success","Transfer","15479088","2022-09-05 17:21:56","0x00192fb10df37c9fb26829eb2cc623cd1bf599e8","2Miners: PPLNS","0xe2b19b0b0230804b9fdd3928993de9b3a0d00628","","0.050027289 ETH","$192.23","0.00018737"
"0x5b2e677fbbae48a9f15831305b97d359bb01a6029ece9accafb8480f9f116347","Success","Transfer","15479088","2022-09-05 17:21:56","0x2819c144d5946404c0516b6f817a960db37d4929","Remitano 2","0x4f987117becbdc26f238daae8e0a5ad1900e48ab","","0.02377915 ETH","$91.37","0.00018737"
"0x1799dd9da68fdf9cf0ae27eaff4ff5d474ee35eca7272687e25f3c9bd731fb1d","Success","Transfer","15479088","2022-09-05 17:21:56","0x9d0b1963482689630b254bf96cf9c60307bc1fb8","","0x8683bbbe511b269f1b9dc0108fb6b267ea764f8e","bigbozo.eth","0.014729502 ETH","$56.60","0.000189"
"0x696090a63d0a36a8de10520d96c9556c89c6ed9f3378220f832cf8f7701e7927","Success","Transfer","15479088","2022-09-05 17:21:56","0xe4d1149450d81702b47f9055750e0ceb0452efb4","","0x8683bbbe511b269f1b9dc0108fb6b267ea764f8e","bigbozo.eth","0.014729502 ETH","$56.60","0.000189"
"0xf18d92d8309789a609d65ca38c8a3aa486e8f0354c8248e62008877393905481","Success","Transfer","15479088","2022-09-05 17:21:56","0xc83c4449bfc09aac2b4a6c4676e34b9fae3f804f","","0x8683bbbe511b269f1b9dc0108fb6b267ea764f8e","bigbozo.eth","0.014729502 ETH","$56.60","0.000189"
"0x99a30c1203c74ba13b144cdf118a340d0aab5885fd666f3c81b30e4b054774ff","Success","Transfer","15479088","2022-09-05 17:21:56","0x8f4b269b54e0fc867027ea5878a34ebe78de0138","","0x8683bbbe511b269f1b9dc0108fb6b267ea764f8e","bigbozo.eth","0.014729502 ETH","$56.60","0.000189"
"0x58d02cf982faa4cce388c919a05dba2a6588b015c53264d8ad1c037209990bc4","Success","Transfer","15479088","2022-09-05 17:21:56","0x36e83a97bf311d0138bfacef6987db7bd3222e69","","0x8683bbbe511b269f1b9dc0108fb6b267ea764f8e","bigbozo.eth","0.014729502 ETH","$56.60","0.000189"
"0x3c93199b056f172ec6c2ff2bb9612ead8817ece2c10f3cde9de85ad92fc118ec","Success","Transfer","15479088","2022-09-05 17:21:56","0x1358fd10ef768052910f340f10b89ddb4caafdea","","0x34e3d4b0d2318a57cb41db3e63747675d8eb74e3","Binance Dep: 0x34e3d4b0d2318A57cb41DB3E63747675d8EB74E3","0.00056534 ETH","$2.17","0.000189"
"0xb05149a555ea1c2a4142fa84560f635b0e4f77c0ae9cb6a3a6268e016fe1bcd6","Success","Transfer","15479088","2022-09-05 17:21:56","0xbd8ba47b1e0c30927e80a73759dcbf8706ff77a4","","0x8683bbbe511b269f1b9dc0108fb6b267ea764f8e","bigbozo.eth","0.014729502 ETH","$56.60","0.000189"
"0xcb42be06e8021e2377ca04249be4f99bc44a9d2b476bd1d62a2c8dbd5a2a0954","Success","Transfer","15479088","2022-09-05 17:21:56","0x7ed060ab3bc01564f206f99136a723fc01fafe8d","","0x8683bbbe511b269f1b9dc0108fb6b267ea764f8e","bigbozo.eth","0.014729502 ETH","$56.60","0.000189"
"0xf217c4cfac03f86d3dd0b82ea4ce591142f0f087e60edfb575d14ffebf27bf6d","Success","Transfer","15479088","2022-09-05 17:21:56","0x34dc5cd1f27826cd9e860c3497708be1f9e5516f","","0x8683bbbe511b269f1b9dc0108fb6b267ea764f8e","bigbozo.eth","0.014729502 ETH","$56.60","0.000189"
"0xec2b0ac297541a92bc2ffa37081e69cf507a137616a729a18227e8acfab7a539","Success","Transfer","15479088","2022-09-05 17:21:56","0x93bcd94a9372e658ec79965516614cc35b61bd19","","0x8683bbbe511b269f1b9dc0108fb6b267ea764f8e","bigbozo.eth","0.014729502 ETH","$56.60","0.000189"
"0xa92a83dcff166f1f876078ab1a1b2bc963acc3db573dbfafb04f2ff455b6731c","Success","Transfer","15479088","2022-09-05 17:21:56","0x9f6850b7ed0674fea9043c61b0efe4c69c56d14b","","0x6229ec62b6cee15a26365c0bf4e5dcb4f48b1169","","0.06 ETH","$230.55","0.000189"
"0x03c4dd9cd3222a1db0839d9ce36b06aeb6dc62f687c8532fa5a682b44ec02cc3","Success","Transfer","15479088","2022-09-05 17:21:56","0xda571565f82153c64d520fca5feab6e896d4f504","","0x39f6a6c85d39d5abad8a398310c52e7c374f2ba3","WhiteBIT","0.001906601 ETH","$7.33","0.000189"
"0x0c680821afbc61d07e4759b2b95bef05fd775a440f01e26e8095c7907ddd8bfb","Success","Transfer","15479088","2022-09-05 17:21:56","0x8086f0fa9604008b00e6caf958552f8dbb7dee40","","0x8683bbbe511b269f1b9dc0108fb6b267ea764f8e","bigbozo.eth","0.014729718 ETH","$56.60","0.000189"
"0x65a7b82d0cc6d40f5703fcc10fb1ca4408170141ef97e4c227c2c3e724fe8c7d","Success","Transfer","15479088","2022-09-05 17:21:56","0x36598f7999eef57dfbc0e1c5b0ab94c0f83ee8c3","","0x39f6a6c85d39d5abad8a398310c52e7c374f2ba3","WhiteBIT","0.002416733 ETH","$9.29","0.000189"
"0x03093200be5c95cea3047254957305dd5ab00fb0ceeb972db1cec1b0136e2cee","Success","Transfer","15479088","2022-09-05 17:21:56","0x642df50259c2efe8fd42ca6673b2e2201fdddeb0","","0x8683bbbe511b269f1b9dc0108fb6b267ea764f8e","bigbozo.eth","0.014729502 ETH","$56.60","0.000189"
"0xe40fce2f478a06e8dcc55216736164f9ce82a232df45a82fca64b014b7e3dea0","Success","Transfer","15479088","2022-09-05 17:21:56","0xf470c5a17d435cbd130fff87e11ff2b7f7254083","","0x39f6a6c85d39d5abad8a398310c52e7c374f2ba3","WhiteBIT","0.002416601 ETH","$9.29","0.000189"
"0xd966d2477a4ac038e19e59847ec05658e7cdab826bddc07b0a72234724cc2ee8","Success","Transfer","15479088","2022-09-05 17:21:56","0x1e82485e38db71dc9a30df8722150a6593ebba1a","","0x8683bbbe511b269f1b9dc0108fb6b267ea764f8e","bigbozo.eth","0.014729502 ETH","$56.60","0.000189"
"0x35364095785759534b8eaf493108fa440dfbfffe04827d30b585a69279ac220b","Success","Transfer","15479088","2022-09-05 17:21:56","0xfbab1396cd0fd41119c15ddc22a948fae628d324","","0x8683bbbe511b269f1b9dc0108fb6b267ea764f8e","bigbozo.eth","0.014729502 ETH","$56.60","0.000189"
"0x7664c42077cff233c495773a6226d9b2ac95ffd00caa7e8472eadbc74cfb2ef1","Success","Transfer","15479088","2022-09-05 17:21:56","0xf9532f73b98577b0f05880fb6ad94fa1381e1038","","0x8683bbbe511b269f1b9dc0108fb6b267ea764f8e","bigbozo.eth","0.014729502 ETH","$56.60","0.000189"
"0xfa155f1f4f70c8297e428a0b25872e3fc4c56fe28b77a4daa1e70d1bf8c73c36","Success","Transfer","15479088","2022-09-05 17:21:56","0x2fd9f39ea3d7c190eace03744541b812d0118463","","0x8683bbbe511b269f1b9dc0108fb6b267ea764f8e","bigbozo.eth","0.014729502 ETH","$56.60","0.000189"
"0xa692a13be3a4a41dde895a94d09ce4ded1fb2942bebbef6a079f72b855c3dacb","Success","Transfer","15479088","2022-09-05 17:21:56","0x9949aeb6a3e8762e22be61469ee22c9cc242e94f","","0x8683bbbe511b269f1b9dc0108fb6b267ea764f8e","bigbozo.eth","0.014729502 ETH","$56.60","0.000189"
"0x60e893a5b35cbc9afcb644ca8908c54983edb0edca91937544806c0e59c4d822","Success","Transfer","15479088","2022-09-05 17:21:56","0xcc793c54aedcd7ec404916da8cf630b7abd5b3f4","","0x8683bbbe511b269f1b9dc0108fb6b267ea764f8e","bigbozo.eth","0.014729502 ETH","$56.60","0.000189"
"0xc50fb4d216a50c6f81015402ad9e07d0e19228b2705ba6e919df11df6d70ac9b","Success","Transfer","15479088","2022-09-05 17:21:56","0xd0c0ae973dd4872bc32321ab1c057d39a34650ec","","0x8683bbbe511b269f1b9dc0108fb6b267ea764f8e","bigbozo.eth","0.014729502 ETH","$56.60","0.000189"
"0x59a849530384a89a33cc892876f30e597b4c7dc46072ebc64375fd7f63555f27","Success","Transfer","15479088","2022-09-05 17:21:56","0x022799d9abdf12fc13411072c5d890379e0c5a7d","","0x8683bbbe511b269f1b9dc0108fb6b267ea764f8e","bigbozo.eth","0.014729502 ETH","$56.60","0.000189"
"0xda0b3b7cf4dcbc6c8141d3d93248c21ea532277d9ae633279e269f10b82ad396","Success","Transfer","15479088","2022-09-05 17:21:56","0xdaa55986c160a6fd992778ce8e5aef2fbdcb3dd2","","0x8683bbbe511b269f1b9dc0108fb6b267ea764f8e","bigbozo.eth","0.014729502 ETH","$56.60","0.000189"
"0xdbe4da4a421db1f5d9cba31dc8a2fa2fdd367d67c049c3797ac236dd468dc0e8","Success","Transfer","15479088","2022-09-05 17:21:56","0xd5e59b9a4a30dabf3886fb8d65489865e79bdf44","","0x8683bbbe511b269f1b9dc0108fb6b267ea764f8e","bigbozo.eth","0.014729502 ETH","$56.60","0.000189"
"0x4d285adf01cafdeea20c0711c9722bf691b40d8aea30a329c975eabdeb7549eb","Success","Transfer","15479088","2022-09-05 17:21:56","0x0ec6ad436fee9c71f2a3ad785863ec62c70169ba","","0x8683bbbe511b269f1b9dc0108fb6b267ea764f8e","bigbozo.eth","0.014729502 ETH","$56.60","0.000189"
"0x6676e87dd6f09557a889962e2446cba45768e1e202483b4c0691d2ab3040665d","Success","Transfer","15479088","2022-09-05 17:21:56","0x419ddf0b83530f2381caa688b7c24901b8150f66","","0x038d8c9f84f9f0b52adf944083bbcdaf144dcbbf","","0.001 ETH","$3.84","0.000189"
"0x3f998b6c04c2283509fe0d32a8f875a7c764a10639abeacef76c11914224d0d4","Success","Transfer","15479088","2022-09-05 17:21:56","0x66cf4c132af9341ee1ba4f60becebfe67b001a2f","","0x8683bbbe511b269f1b9dc0108fb6b267ea764f8e","bigbozo.eth","0.01472961 ETH","$56.60","0.000189"
"0xdae9cc280ac14c37fc36dfa36ff89e6e69f488aa890bbd85d85b14a0bfeb57fd","Success","Transfer","15479088","2022-09-05 17:21:56","0xb3c61b950d7c0a39f455d6633a50b4230bae33d3","","0x8683bbbe511b269f1b9dc0108fb6b267ea764f8e","bigbozo.eth","0.014729502 ETH","$56.60","0.000189"
"0xc6fad901cb2726e28fda3a8db312f360b834dabf97a7a908458f8c00eb391592","Success","Transfer","15479088","2022-09-05 17:21:56","0x0ed5b89525c9fc2ec1f54d2cd1bafba79ec19e44","","0x8683bbbe511b269f1b9dc0108fb6b267ea764f8e","bigbozo.eth","0.014729502 ETH","$56.60","0.000189"
"0xade2b4236c2bc8789dcbcf16e6f4ab71092f278c950a50bc0cb2a75909bfa5fb","Success","Transfer","15479088","2022-09-05 17:21:56","0x8fc5905837790f42a44d73ce42622daaf793d59a","","0x8683bbbe511b269f1b9dc0108fb6b267ea764f8e","bigbozo.eth","0.014729502 ETH","$56.60","0.000189"
"0x239d3a93988161560f7439a025ff36e50b6ee8008fa2d68f3e505675f94d02f9","Success","Transfer","15479088","2022-09-05 17:21:56","0xfbda142df1cdd6dbafba771cd17de8ac285ff1fc","","0x8683bbbe511b269f1b9dc0108fb6b267ea764f8e","bigbozo.eth","0.014729502 ETH","$56.60","0.000189"
"0x4813c33379dc8d6905d32a4e7d46b499f6d8663ff525dc53e6e4c6c82ee3421b","Success","Transfer","15479088","2022-09-05 17:21:56","0x4c7e6059faff3012f5d489ada5edd56ee6283eec","","0x8683bbbe511b269f1b9dc0108fb6b267ea764f8e","bigbozo.eth","0.014729502 ETH","$56.60","0.000189"
"0xf24811751c7055a45d5e89d8dc6da41e6c14f31d75da59aaa487134fbe97c535","Success","Transfer","15479088","2022-09-05 17:21:56","0x888f432ec01ec0d168c6b7c8639256b77c16f7cd","","0x8683bbbe511b269f1b9dc0108fb6b267ea764f8e","bigbozo.eth","0.014729502 ETH","$56.60","0.000189"
"0x9886969df8101af08f6bc1657e88711d32d98111fdf0a3314418d5287a169893","Success","Send To","15479088","2022-09-05 17:21:56","0x6440200c1f94976da537ec1ec7ec5fbb1441244e","","0xff43eb7480a55f66c3f1243852ff6f0798a0b6db","","0.000746667 ETH","$2.87","0.00028124"
"0x2170d39913de9a9d1662e0bfd00348f04c59e19d0753e916d9fdb1d8783f581a","Success","Withdraw ETH","15479088","2022-09-05 17:21:56","0xf725304d19bba30f0f975827c234b77327b1667b","","0x92e929d8b2c8430bcaf4cd87654789578bb2b786","","0 ETH","$0.00","0.00031782"
"0xa3be22bba0a87b0f2630924203bdfc08b901c676ba5bca76c9208abcec419ecd","Success","0xcba9bc66","15479088","2022-09-05 17:21:56","0x2de6948273164e0e518ec044d37d0bc788d33812","","0x6fbf1b6a681307f86c2d212f0f6ad72621309ef1","","0.068 ETH","$261.29","0.00160805"
"0x7135bbc43666fbdcc5ce896825ca0856f1e2f6d8368ae2c372d7aa6a44884909","Success","Transfer","15479088","2022-09-05 17:21:56","0xcc725deb33adf44277fbc09a07165d702860698c","","0x974caa59e49682cda0ad2bbe82983419a2ecc400","Stake.com","0.17480808 ETH","$671.69","0.00019191"
"0xc24a816547965af64e7e4ea48bd3cfa21bdf87b1c7e8d4629e882bdcb71848dc","Success","Transfer","15479088","2022-09-05 17:21:56","0xed2868654ae7804c102ccc4e5c7ab4efc70ec87c","","0x974caa59e49682cda0ad2bbe82983419a2ecc400","Stake.com","0.17438495 ETH","$670.06","0.00019191"
"0x7e5113d2267692a87b1206c2c25719d98afdbbca0cb614f6f06feabfd19525ca","Success","Transfer","15479088","2022-09-05 17:21:56","0x8f3c4a29977559f0e48752f1f7fbc5cfd43639e7","","0x974caa59e49682cda0ad2bbe82983419a2ecc400","Stake.com","0.17485857 ETH","$671.88","0.00019191"
"0xbf20a4500645af415b0599eb7a4ca43be2a4dca7ff81c0aabda87fe4b5072448","Success","Transfer","15479088","2022-09-05 17:21:56","0x5ea419f5595c86b2a2671c4e3abc54cfe3b0a4b1","","0x974caa59e49682cda0ad2bbe82983419a2ecc400","Stake.com","0.17500808 ETH","$672.46","0.00019191"
"0x3f5fb334be084dd5d7f3be1879de168bbffe391d3c9ea2da96f1aa5fd773a99f","Success","Transfer","15479088","2022-09-05 17:21:56","0x565f59dc18056b1ace7842ed5ce2d2b05228d7dd","","0x974caa59e49682cda0ad2bbe82983419a2ecc400","Stake.com","0.17535073 ETH","$673.77","0.00019191"
"0x1329ce2e5bbb22e78b736afa7988e9d170170564e61503c074fbb63d0d12558b","Success","Transfer","15479088","2022-09-05 17:21:56","0x3ff6f81c53d38f44614dfc0be65c68beac2c325d","","0x974caa59e49682cda0ad2bbe82983419a2ecc400","Stake.com","0.175495669 ETH","$674.33","0.00019191"
"0x30c5f04d32dd22e04eff481b230037fa14a0acd21fad296a857ef4ff699a7574","Success","Transfer","15479088","2022-09-05 17:21:56","0x637e50d3b271a4c28ea28e17b643047da9214ee5","","0x974caa59e49682cda0ad2bbe82983419a2ecc400","Stake.com","0.17613595 ETH","$676.79","0.00019191"
"0x1f6d7ffeaa4c3a5e3c00ca82252848778c07a2c2b853323441d17f9458c1146b","Success","Transfer","15479088","2022-09-05 17:21:56","0x07410c9da5d6613277c3f5b8b9f5b95b9ca521bf","","0x974caa59e49682cda0ad2bbe82983419a2ecc400","Stake.com","0.17632548 ETH","$677.52","0.00019191"
"0xba71fc3c921686b894c8209e62a4e4ac8bd0f31613b996ede5aad162bb58143c","Success","Transfer","15479088","2022-09-05 17:21:56","0x49fe9f51d18ccd26d115cea3f2b26941d1b422b1","","0x974caa59e49682cda0ad2bbe82983419a2ecc400","Stake.com","0.176968328 ETH","$679.99","0.00019191"
"0xa22a385c75bac0458c4668e72fadbc87c97b289d60015a3931a066233cf6631d","Success","Transfer","15479088","2022-09-05 17:21:56","0xfe83f08a48ec7e476bbb5fd9cc662af4f9022186","","0x974caa59e49682cda0ad2bbe82983419a2ecc400","Stake.com","0.177029994 ETH","$680.23","0.00019191"
"0xec6db356af511985ed96c2f2f5dfe373d6139052b1ceaec2fe1e3e51ffb2ec71","Success","Transfer","15479088","2022-09-05 17:21:56","0xc96e4ea42a5ccacc75a2f10a6bacdf4d93401486","","0x787b8840100d9baadd7463f4a73b5ba73b00c6ca","Stake.com 11","0.57154809 ETH","$2,196.14","0.00019191"
"0x057df7b16d4aa12fbc960a9accc86966a2562d5d86f84b880ffca7f018caead5","Success","Set Text","15479088","2022-09-05 17:21:56","0x325129dfd73dbfd0e4c1cd9535d9cbd09b156c89","ensshinobi.eth","0x4976fb03c32e5b8cfe2b6ccb31c09ba78ebaba41","ENS: Public Resolver 2","0 ETH","$0.00","0.00053389"
"0xc05a5536753c0544fc7d19a605b90eab175f35d04d169d3207eb7eb7b51af14f","Success","Mint","15479088","2022-09-05 17:21:56","0x1bac4f9baa843c2410f7373a01e8db77a540bcde","","0x0b3e1e107dff3c7ceaaa1a29b96228b573a6d69f","","0 ETH","$0.00","0.00103644"
"0x8dccb6507b9b31973e719e064dcebebe393c1a5e4b675c549b2d06439795e92e","Success","Transfer","15479088","2022-09-05 17:21:56","0x0a3feb875e29f78f5324eaf9ee8223c72cbba09a","Binance Dep: 0x0a3fEB875e29f78f5324eaF9EE8223c72cBbA09A","0xdac17f958d2ee523a2206206994597c13d831ec7","Tether: USDT Stablecoin","0 ETH","$0.00","0.00038521"
"0xba1140cbbfe595f19f979e7f05e91d3bb194684ae5571ddf40b9ea74f5c6d3f9","Success","Withdraw","15479088","2022-09-05 17:21:56","0x52767b52d90311790623ecc66292505ac7774471","","0xc02aaa39b223fe8d0a0e5c4f27ead9083c756cc2","Wrapped Ether","0 ETH","$0.00","0.00033044"
"0xeb9e09bc0113f09cfe946c3feb72c1afadbe6978789e7b77a463aebceabab8f4","Success","Post","15479088","2022-09-05 17:21:56","0x69f36ea1ebf4ec9e53e3aabf11caf62b034ff3ee","","0xe544cf993c7d477c7ef8e91d28aca250d135aa03","","1.25516 ETH","$4,822.87","0.00198821"
"0x463ed3a9b9376597aa67bd55c7d3f3611408880a1bbfd90472edda9173ff0191","Success","Approve","15479088","2022-09-05 17:21:56","0x7ee8edf70854a8dfab3e0fcfe083250f77a6a2db","","0x3819f64f282bf135d62168c1e513280daf905e06","Hedron: HDRN Token","0 ETH","$0.00","0.0004363"
"0x7e6098c63dd497698d459cc9f3a4ddf94393593b1ab87c37030c9363ef0e869d","Success","Transfer","15479088","2022-09-05 17:21:56","0x0c402167839db9642decd980260139fc391b388c","","0x1f59cc9329ca1272a50f81f5abf9432a0525b699","","0.019943327 ETH","$76.63","0.00019787"
"0x762830cf6088c38cfc288931d9cd8f89b9f33ba6bb2d30cbcf9bb967c4d9d165","Success","Deposit","15479088","2022-09-05 17:21:56","0xed8a2b0f6e6fd0b605bdf937db9919d98eea8926","Beanz Official Team: Deployer","0xc02aaa39b223fe8d0a0e5c4f27ead9083c756cc2","Wrapped Ether","0.03 ETH","$115.27","0.00042437"
"0x358b0c4583ff44484c38ac2f9f67d4a361fb4a0c77e00fd7e0f495dd27f34f3e","Success","Register With Config","15479088","2022-09-05 17:21:56","0x4b70d04124c2996de29e0caa050a49822faec6cc","prxshant.eth","0x283af0b28c62c092c9727f1ee09c02ca627eb7f5","ENS: Old ETH Registrar Controller","0.010322769 ETH","$39.66","0.00261651"
"0xa05110ef23b85eb8aece2d45dcec5569029e01a70e0d90fd0223ff4c31f623cf","Success","Register With Config","15479088","2022-09-05 17:21:56","0x13ccc2153f47ee8e4936e655adb754c2806d2af1","","0x283af0b28c62c092c9727f1ee09c02ca627eb7f5","ENS: Old ETH Registrar Controller","0.003440923 ETH","$13.22","0.00242321"
"0xf354da5292b14ab0faa6b60f1fef9483f064e92cf302a9f12526e8d797bfdaa9","Success","Transfer","15479088","2022-09-05 17:21:56","0xc394a4b061af460f39aa0430f85ac3bbbfd0e2e3","","0x71fdaaddd1134b395cc37d7489b3a52fa0722e1f","","0.12282 ETH","$471.93","0.00019787"
"0xd33546ad0902e820af1200d0f9f994f3507a8a31ebdba50bb3d070829e4d957b","Success","Pledge HEX","15479088","2022-09-05 17:21:56","0xa8a235c2730b49fc9bf7ede50036322c79efb015","","0xe9f84d418b008888a992ff8c6d22389c2c3504e0","","0 ETH","$0.00","0.00081626"
"0x71524b9ed6579d7d30041965be216975cfc693a25019e1a59fe0590e564264f9","Success","Transfer","15479088","2022-09-05 17:21:56","0x61da497178e68160d95c7c7cd3be6fde356ee359","","0x678ce6c25b570d7d840117b1d45160af136e6504","","0.137955844 ETH","$530.09","0.00019787"
"0xa025e4a4110ef7136446799de2e4abca0af3e6c842d3842ac2822e87833537ca","Success","0x60806040","15479088","2022-09-05 17:21:56","0x264fb9ed5553017beaa709e6410364acd8f0ded0","victorfota.eth","","","0 ETH","$0.00","0.0034403"
"0x6f12aefbb8bdc6d869d092dfed15283d1f310f7607b95edb860e5cc164f4a694","Success","Mint Native","15479088","2022-09-05 17:21:56","0x0910c5f5691d3f35fbfa919ff9b10bcfd51eb883","","0x3819f64f282bf135d62168c1e513280daf905e06","Hedron: HDRN Token","0 ETH","$0.00","0.00086803"
"0xa55b5698757bae67fc1bfb25125d48073f6bd543d2439e1a4f3d77f3b8099a9b","Success","Claim Rewards","15479088","2022-09-05 17:21:56","0x319d84cae0f06f1f73b722623e08cdfc54cfd30a","","0x623b83755a39b12161a63748f3f595a530917ab2","","0 ETH","$0.00","0.00946496"
"0x774a9cc7bcde2e08f18bcef2555a3b74ab3ed70bf383d21f77faf451ade2f662","Success","Approve","15479088","2022-09-05 17:21:56","0x1e18b8b6f27568023e0b577cbee1889391b2f444","0xdefidon.eth","0xc011a73ee8576fb46f5e1c5751ca3b9fe0af2a6f","Synthetix: Proxy SNX Token","0 ETH","$0.00","0.00044103"
"0x1f6f7f7e89d6680d2a4bb43f38b9aa573ed90525eab2d8476d9a8491f6735144","Success","Set Addr","15479088","2022-09-05 17:21:56","0x3683661b565a6f6daaa7a94ecd1fd73a74c5df1d","02795.eth","0x4976fb03c32e5b8cfe2b6ccb31c09ba78ebaba41","ENS: Public Resolver 2","0 ETH","$0.00","0.00041894"
"0x30883211f52728ea1264fe23a31b0beea5c4b6e01769565b2e91f17353e844f8","Success","Create Reserve Auction","15479088","2022-09-05 17:21:56","0xd09667b6d4fb84ee69c2772f24aad578c31a3afc","","0xcda72070e455bb31c7690a170224ce43623d0b6f","Foundation: Market","0 ETH","$0.00","0.00174663"
"0x6e648c6c263caf9a34d7019e2c4ee90f757aaddecae87601f35d9be8e8403cb5","Success","Transfer","15479088","2022-09-05 17:21:56","0xa03af455d88cb7b53e581a84776095caaa846f9c","irrationalape.eth","0xb73ea3aa699bd4903cc48146ca0ecab6c27dca3d","","1.672696734 ETH","$6,427.23","0.00019787"
"0xfffbec10f8503ecf270cef5e018578ca87407a11025e9e16702151974df06ca4","Success","Transfer","15479088","2022-09-05 17:21:56","0xfaa9655fe28aa72b3a55c6a699aa1c247588e353","*🔓️🔑️🦊️🔒️🔐️.eth","0x47791fb669f83c3048a7f4e02d55a6be1743dfd0","","0.008615313 ETH","$33.10","0.00019787"
"0x893088b144e96342cb7cd6c809fba2ab55e7c3379fc62fa84596608bb3729d15","Success","Transfer","15479088","2022-09-05 17:21:56","0x494415d99c54b82551de2c6d0f8e1f0e612e663a","","0xa0b86991c6218b36c1d19d4a2e9eb0ce3606eb48","Circle: USDC Token","0 ETH","$0.00","0.00045722"
"0xe5dfbefac76f14a8ea05d5884bcb1a3c01a04c86cafc1cd62a0541d283e3ce03","Success","Approve","15479088","2022-09-05 17:21:56","0x32631374e80e72052917b050346deb87d493c313","","0xcd17fa52528f37facb3028688e62ec82d9417581","Materium: MTRM Token","0 ETH","$0.00","0.0004382"
"0x06f64def6446a0626bee601c7ee5712ebd6f38c7c39118785ddcc7a19a66f0ac","Success","Multicall","15479088","2022-09-05 17:21:56","0x95d54586f88d0276efd7ecc9ea54ddf5ff9969bc","","0x68b3465833fb72a70ecdf485e0e4c7bd8665fc45","Uniswap V3: Router 2","0 ETH","$0.00","0.00211643"
"0x7f77b2aafb98579b90aeb53df967e652148d15aed27a91a7c9093adb6fb6138d","Success","Cancel","15479088","2022-09-05 17:21:56","0x17be8c9102a5eea737002d8893f898669cc4333c","","0x00000000006c3852cbef3e08e8df289169ede581","Seaport 1.1","0 ETH","$0.00","0.00057129"
"0x60227b56efea974589f5a52f396abd4881b903361e6ca109711902b34ff0768d","Success","Pledge HEX","15479088","2022-09-05 17:21:56","0x3193db2d06ef42ed7f517daac491bac9ecd0e7c8","","0xe9f84d418b008888a992ff8c6d22389c2c3504e0","","0 ETH","$0.00","0.00081637"
"0x754fe9ee36f5dde0d2fefd13ac464a2f91ab04a3943f0e660bf52768396c0129","Success","Purchase","15479088","2022-09-05 17:21:56","0x96b69675a990674e33caf964ec03b9cbc6eb7e9f","","0x2f0146ca3c62a33177959565ae9df2f86cf01551","","0 ETH","$0.00","0.00255923"
"0xd2e53b665d89381c501a6f534fcbc9683c785e1424387a56044da2d7df8f5ed6","Success","Multicall","15479088","2022-09-05 17:21:56","0x635359e017b4c1191e307f6bab26c237bf48982c","","0x68b3465833fb72a70ecdf485e0e4c7bd8665fc45","Uniswap V3: Router 2","0.601062363 ETH","$2,308.46","0.00136173"
"0x7148006a5b707482861d429088b35d12b6f32dfeccb3f7e33a5179520b1caf63","Success","Multicall","15479088","2022-09-05 17:21:56","0x6e8a4daa65b894b52ef5f9bd9a39ebdc92191c19","","0x68b3465833fb72a70ecdf485e0e4c7bd8665fc45","Uniswap V3: Router 2","0 ETH","$0.00","0.00125268"
"0x394938f63bed84896424ed09a311015e20c48ac0187d21fbd0305b7ac11e467a","Success","Swap Exact Tokens For Tokens","15479088","2022-09-05 17:21:56","0x6a4d6da2b3ad642519609c6788e17bc1e42f1b10","","0x7a250d5630b4cf539739df2c5dacb4c659f2488d","Uniswap V2: Router 2","0 ETH","$0.00","0.00156071"
"0xf32e3e3cb8eaf0b78495f0335668afbcf7c6ea36d595f2ce3f4408015bfc0aa0","Success","Set Approval For All","15479088","2022-09-05 17:21:56","0xfd87eec11f467971f953a085933a07d8fbc247a3","","0xc657c2a3bd558716b3f6b843ef09c0fc628e4977","Cosmic Cats: COSMIC Token","0 ETH","$0.00","0.00044009"
"0xe9a98c3900fd9ad00ce60cd006f59288d46081ace7d3914cfaf2a9423e6c861e","Success","Multicall","15479088","2022-09-05 17:21:56","0x7ca83da48606cbfbbf12af0294dfb7433c0393ea","vitalz.eth","0x68b3465833fb72a70ecdf485e0e4c7bd8665fc45","Uniswap V3: Router 2","0 ETH","$0.00","0.00123024"
"0xec0d3138383438a582c4edd7f69a73186ba84bf8d79151f9549be50aa7cf6fa8","Success","Transfer","15479088","2022-09-05 17:21:56","0xfc89c62fee0db5123a54cc596bfa951576dea04b","","0x150ed223fb4e3ba995dde42ddfd4ebf9e7f9df18","","0.421319686 ETH","$1,618.13","0.00019787"
"0xb87dfec528d70b2fe3f167927264e0ac49ebe457b018e1a10a9573e07905302b","Success","Approve","15479088","2022-09-05 17:21:56","0x68586d2b3dc63422312f18cc10c0b18a42c8ea3f","","0x38ee4fe51e823f1f5ef6fd67b90760fcdd8eb734","","0 ETH","$0.00","0.00043842"
"0x92bf611010cc05fca753d34b072517d1eae2841a27642442b33a9fb4825df696","Success","Set Approval For All","15479088","2022-09-05 17:21:56","0xd4d1c6937b4d691e66bded965198df2fb76c60e9","","0x4539f7898f0d78b0eaf96cce86df78f178ab904f","Blank.: BLNK Token","0 ETH","$0.00","0.00043907"
"0xde29891bfdf1e34f5a107d5668c46d7c8e832089228f80e7f77515f4b578e09b","Success","Multicall","15479088","2022-09-05 17:21:56","0xced9246a557b621d19d50c0e5b4e69841bb94182","","0x68b3465833fb72a70ecdf485e0e4c7bd8665fc45","Uniswap V3: Router 2","0 ETH","$0.00","0.0025549"
"0x8b6944f18c798a4ada02eacf405b1a905be5b0017bfde95eba804b5162a33ea3","Success","Transfer","15479088","2022-09-05 17:21:56","0x4bf61d8105698989d761e739a0aebcf44454fb16","","0x454e80374d90ecf600cc286f8cab13ffd5b7ceeb","","0.028947074 ETH","$111.17","0.00019787"
"0x6f4353289e8c082f02322ab9ff8e434fef0959f3e350ed1f110a6ce65477e2dc","Success","Mint","15479088","2022-09-05 17:21:56","0x5bdf19226f94da32be38a3f06a9e3d95e11f2d33","","0x2b137673abfc6fafc6715d3c83dc583261818d6b","","0 ETH","$0.00","0.00135485"
"0x295f29ff8d2195b3cb7d7401b42cc696e88f17ecbd1688289d9ce89aad41f377","Success","Transfer","15479088","2022-09-05 17:21:56","0xc434855df0fc560fc6b0fdd2ebfd13f0db5d4d6c","","0xf6377f46d32514ccfbb0201408d7ba5d7eaaac99","","0.126 ETH","$483.92","0.00019787"
"0x901592680b0c6d0b5dc56b0311c62b8a6f450bcef004eaffa07e029629e9fe1b","Success","Approve","15479088","2022-09-05 17:21:56","0x6fabd77516566007c4d90504e0e13e68e9bfbce8","","0xdac17f958d2ee523a2206206994597c13d831ec7","Tether: USDT Stablecoin","0 ETH","$0.00","0.00046073"
"0x8a9a6ee54e521380a92fc7a8602ede2916583e618cac92145d2fc19735447840","Success","Deposit Eth","15479088","2022-09-05 17:21:56","0x856b694f5e4124ff79d5e42fbe0729d3b81bb631","","0x4dbd4fc535ac27206064b68ffcf827b0a60bab3f","Arbitrum: Delayed Inbox","0.02 ETH","$76.81","0.00085909"
"0x3cdf07588bf11c5c0274989a9e2a5943bbb99a0ef13a847969caccab6ccc2a64","Success","Transfer","15479088","2022-09-05 17:21:56","0x06d165e145b2da95ea16811ca9a8ca069182ea60","blockbrick.eth","0x7587e628099489e0e6a163419ec27f3534550643","","0.684521679 ETH","$2,628.99","0.00019787"
"0x28ac30ba04c2f34693fb12e8b353589f20f7155dbd6aee67758bb2c89307b977","Success","Transfer","15479088","2022-09-05 17:21:56","0xd91fd6a282ea72af4a0ae96aad1f9f8b27a718a3","","0xa0b86991c6218b36c1d19d4a2e9eb0ce3606eb48","Circle: USDC Token","0 ETH","$0.00","0.00061835"
"0x26c335b0335e708855e4b5fb0b20629f846936a617686955d18144f2023e9e6b","Success","Withdraw","15479088","2022-09-05 17:21:56","0x93f30b9986e3e2978182d51a5289b33732ec2475","","0xc02aaa39b223fe8d0a0e5c4f27ead9083c756cc2","Wrapped Ether","0 ETH","$0.00","0.00033171"
"0x833317fa6b9c5918a2e3bf78778322d8c3651bd95c1906cb358b9b9bb2430d57","Success","Transfer","15479088","2022-09-05 17:21:56","0x8a124c7776a5258bc39ca26b8ea4c0af74993e0b","","0x817bbdbc3e8a1204f3691d14bb44992841e3db35","Cudos: CUDOS Token","0 ETH","$0.00","0.00046239"
"0xc5a5168b4efe50078498e03e5f21e4301a0772008d4d41a70049c9af1c87d095","Success","Fulfill Basic Order","15479088","2022-09-05 17:21:56","0x33421df379997f207faa4079e77a46b029361b78","","0x00000000006c3852cbef3e08e8df289169ede581","Seaport 1.1","0.0007 ETH","$2.69","0.00154096"
"0xcdfe23d77b8095e69dc77c25c568d04372ed67b4b629c4c74ed9673bcb2ac76f","Success","Multicall","15479088","2022-09-05 17:21:56","0xaa91b0e11047ef3d128bc73915b61063917557fd","","0x68b3465833fb72a70ecdf485e0e4c7bd8665fc45","Uniswap V3: Router 2","0 ETH","$0.00","0.00137413"
"0x82503cf5c356db7784ba3a167f3e420cf6b0fdd9e1d4f99686454a39b64e3d6b","Success","Deposit Eth","15479088","2022-09-05 17:21:56","0x895a9610a05327f3fe67bbee240f939bf22596e2","","0xc4448b71118c9071bcb9734a0eac55d18a153949","Arbitrum Nova: Delayed Inbox","0.017 ETH","$65.29","0.00085981"
"0x26a46acdbc8b770b2ee254593fcfeb852bfe1f65b93314fd38eeef62c077207f","Success","Disperse Ether","15479088","2022-09-05 17:21:56","0x31492258f8cab852a260b62cbee48e062b77ec97","","0xd152f549545093347a162dce210e7293f1452150","Disperse.app","0.38 ETH","$1,459.44","0.00116385"
"0xaa9b5c9c3d3aa2f9753c09fe451b9661ef0d706c78fca9b4708b6890883c93a0","Success","Approve","15479088","2022-09-05 17:21:56","0x5132fde5c8ce41a4ccf6770b896396fea5cd73d7","","0x7142303e8f48cdb1844ad5db01aa5bdf79ffb470","","0 ETH","$0.00","0.00044489"
"0xa0e75adb9c1438865690a20cf7a1c852734ad658eab15f96e6b6a36f31e33a28","Success","Exec Transaction","15479088","2022-09-05 17:21:56","0x5525d065bcfa2b3f3ac79415538b286d7b34daa9","","0x49f7198532ad0b9664141a1c24286cd6d14c253b","","0 ETH","$0.00","0.00104549"
"0xc4c8517f9c7c4126ce283f7bbef39a328a3c5b83cefbf0add963aaf62f22c696","Success","Send To L2","15479088","2022-09-05 17:21:56","0x7cace1698a4633d93e10deb1b74ccd3750acb187","olo123.eth","0xb8901acb165ed027e32754e0ffe830802919727f","Hop Protocol: Ethereum Bridge","0.011 ETH","$42.25","0.00124006"
"0xc2c75e0116b04ed55729faa3b1816fe0aba305c0d921e889f2f69538d12f6565","Success","Transfer","15479088","2022-09-05 17:21:56","0x3309fd4d243d4e0fab0faf95ce4daa77b0d63b68","","0x4c8b8d5c2be7d6d5451c79ae6839fe80c7d25c09","","0.030332943 ETH","$116.50","0.00019787"
"0x945078550662fb44036fe6a586f8f365456f2e1516b21d7ab522f68a35076471","Success","Transfer","15479088","2022-09-05 17:21:56","0x29d5527caa78f1946a409fa6acaf14a0a4a0274b","Bitso 2","0x6b175474e89094c44da98b954eedeac495271d0f","Sky: Dai Stablecoin","0 ETH","$0.00","0.00048825"
"0x22e7012f0a30c898348a95ce97988dae8544cbd5967ca5ed0b19e79aa3e2263a","Success","Mint","15479088","2022-09-05 17:21:56","0xd0b5f8fc162b302a0fbf9c3afba847221c319341","","0x0b3e1e107dff3c7ceaaa1a29b96228b573a6d69f","","0 ETH","$0.00","0.00105708"
"0xa2dda846ca2d79b1215c152924d4a479ae69582be9ff5d097d5b94b929064335","Success","Mint TEAM","15479088","2022-09-05 17:21:56","0xde3c311bac67615deb7c4bca6d25460ea4bd0081","","0xb7c9e99da8a857ce576a830a9c19312114d9de02","","0 ETH","$0.00","0.00071402"
"0xf26b2f8db08d80152ee8208cdb71bdfcba182ecf3b90879665812f1c5288e833","Success","Claim Mint","15479088","2022-09-05 17:21:56","0xa55414b7c2768092ef50fb886983b6ab245931bf","tacobird.eth","0x84d236c81a3cf7da83e94f28435dbb0d12840438","","0 ETH","$0.00","0.00089132"
"0x624fbf83e64aaf419a8c877cc32069762215b2d695671e9344ec4a4d57ff9557","Success","Stake","15479088","2022-09-05 17:21:56","0x0219e77dc465efb0b3c949ae05f995107c4ccfe8","","0x42103313e771e282991ba2e11ddd9e3c0f1500d9","","0 ETH","$0.00","0.00267958"
"0x6c13fa9a5930c83945dd90401e0ff0883f9dc0141f3cb535c5712b24b2feca45","Success","Transfer","15479088","2022-09-05 17:21:56","0xc794d566a918b1e75c1ea7c57e598904e71ff836","","0x926c28e63e0d911b79789b0ffc4bafa42f9c4c83","","0.379221904 ETH","$1,456.45","0.00019787"
"0xcc79621ad09ea6a0eef1caf95c3a00db98de8dab827785685d0046a0b20e290d","Success","Approve","15479088","2022-09-05 17:21:56","0xb266aab3e716079ba9f4c0eb26286af949f1f992","","0xdac17f958d2ee523a2206206994597c13d831ec7","Tether: USDT Stablecoin","0 ETH","$0.00","0.00046073"
"0xda2b9283bb0b1872441f7740653f3c4f2627667f70cef14d76019ffdbf5d4c73","Success","Transfer","15479088","2022-09-05 17:21:56","0x8924da29eeaaaef281454d588d9e570ef090f3a0","","0xdc84c276563d8b4e653a4212a0b71661ecc46a47","","0.127412302 ETH","$489.34","0.00020118"
"0xe9ae92da49f564ba3c1033fddf0248021fb982d02593bc277ea18a2fdbdd290f","Success","Place Bid V2","15479088","2022-09-05 17:21:56","0x747dbfbcfb74fd5fc115896c758a2fdff581c702","blockrocker.eth","0xcda72070e455bb31c7690a170224ce43623d0b6f","Foundation: Market","0.5 ETH","$1,920.31","0.00056596"
"0x0fbac9746d638d0873aeb52314ce5ad0be11e07e835aeb1664e4b9254ad12443","Success","Execute","15479088","2022-09-05 17:21:56","0xfcd98e8d5c541c0412e928f1b6aa79d40eeec424","","0x36e20afdb87ea4845fb7cf8e847422da7cde6b38","DSProxy #142,714","0 ETH","$0.00","0.00254918"
"0xccdee698001b3d18fba541df1805d02f4eb7d6c170131c6699767796bf7362ff","Success","Transfer","15479088","2022-09-05 17:21:56","0x5e4b9cf097d31bb3bef48e8092bb16bc70d97aa2","","0x0279af3e427ae8fbbc34da29a50ade01ac291c65","","210 ETH","$806,531.73","0.00020475"
"0xecca9449fc593af6f2104c54cd242315f62de00540b9aaa2791d0214a99a9601","Success","Transfer","15479088","2022-09-05 17:21:56","0xb4558508d819ef39d47c53693b5fa2d3e1aa2853","","0xa0b86991c6218b36c1d19d4a2e9eb0ce3606eb48","Circle: USDC Token","0 ETH","$0.00","0.00042643"
"0xd9296b89cb855776f152cf1f82d1fd29596f1da4c601ff482f98a30adedd28a2","Success","Submit Batch","15479088","2022-09-05 17:21:56","0x99e43230ecec926a7ffc2e4cd22153494d5a84a3","Gravity Bridge: Fee Recipient 4","0xa4108aa1ec4967f8b52220a4f7e94a8201f2d906","Gravity Bridge: Bridge","0 ETH","$0.00","0.0055511"
"0x3378a8e7d35e12794da94745a4fc922449e2d8f7e1974dbeb821ae1cd6684e9f","Success","0x46f83b50","15479088","2022-09-05 17:21:56","0x6ece61d29b90642941c41240da924690da145696","","0x41c69c8ffb4049fc393ed68ec0ce66c37f8cf7a0","","0 ETH","$0.00","0.00091007"
"0x85352c9ef1ee7a064976c5a18e8838cd7a4802778f79d7989256ed27e6ab62f4","Success","0x46f83b50","15479088","2022-09-05 17:21:56","0x1a8ed0d3ad42c9019cc141aace7e5fb6e576b917","","0x41c69c8ffb4049fc393ed68ec0ce66c37f8cf7a0","","0 ETH","$0.00","0.0007855"
"0xbd2d0d11ea8db04803cfb3f66d574d82255038fe479dd1dbd556785836b96a25","Success","Transfer","15479088","2022-09-05 17:21:56","0x574ed9df681e7ed379644674d9201f2c3b16662d","","0xa0b86991c6218b36c1d19d4a2e9eb0ce3606eb48","Circle: USDC Token","0 ETH","$0.00","0.00043386"
"0xf64d6eb7e8dcd4e7f10cdb6426fc2c79b82e2aefa3e1c3fee7a6ebcd6f9c4879","Success","Transfer","15479088","2022-09-05 17:21:56","0xdfd5293d8e347dfe59e90efd55b2956a1343963d","Binance 16","0x514910771af9ca656af840dff83e8264ecf986ca","Chainlink: LINK Token","0 ETH","$0.00","0.00034729"
"0x2742f15890e74551696d9910666d7a153f9560487b64462a14f6b2d063f19eea","Success","Transfer","15479088","2022-09-05 17:21:56","0xb5d85cbf7cb3ee0d56b3bb207d5fc4b82f43f511","Coinbase 44","0x0d13327180d8c6eee28c72e74b1e5a43ba1987a7","","0.000646494 ETH","$2.48","0.00020837"
"0xf95621dd0a8c06fbc3c2689b5dfa9a2a3c8cc105953026e31e33d8eceb48d979","Success","Transfer","15479088","2022-09-05 17:21:56","0x3cd751e6b0078be393132286c442345e5dc49699","Coinbase 33","0x18febbb2b97613870a659896a4da00e1643d87b1","","0.000373805 ETH","$1.44","0.00020837"
"0xd147732dc572a4a9c946f158f90e8536d56cbd2936f48eaaef7144136e81ca12","Success","To PMM","15479088","2022-09-05 17:21:56","0x095cff9a312111a04ad8a2d6b9be073b53de8013","","0x03f34be1bf910116595db1b11e9d1b2ca5d59659","Tokenlon: DEX 2","10.3041 ETH","$39,574.21","0.0028007"
"0x87120c74367f7dd9f395ab874c7aaf23e23bacf54e0a8e08581373b47ec350fd","Success","Transfer","15479088","2022-09-05 17:21:56","0x3cd751e6b0078be393132286c442345e5dc49699","Coinbase 33","0xc245cb5fc10526de214c32164000f6b9089edf79","","0.000309749 ETH","$1.19","0.00020837"
"0xcb66a5817d92bd36a8b116508b303d56332df067483d5a5e093e236fe5a0bbe4","Success","Transfer","15479088","2022-09-05 17:21:56","0xeb2629a2734e272bcc07bda959863f316f4bd4cf","Coinbase 54","0x52d35df33799863d05d7cae43b28889fd464c956","","0.000646653 ETH","$2.48","0.00020837"
"0x202662f71b2ace143d2af6f21afd692de058cc86716ff9d2853fc1a6667cd8e6","Success","Transfer","15479088","2022-09-05 17:21:56","0xdfd5293d8e347dfe59e90efd55b2956a1343963d","Binance 16","0xdac17f958d2ee523a2206206994597c13d831ec7","Tether: USDT Stablecoin","0 ETH","$0.00","0.00045751"
"0xb9b03adfc6e3c0a6803789444926981142ea5ce9d2582ff05b3b5199bdc306af","Success","Transfer","15479088","2022-09-05 17:21:56","0xdfd5293d8e347dfe59e90efd55b2956a1343963d","Binance 16","0xaf5191b0de278c7286d6c7cc6ab6bb8a73ba2cd6","Stargate Finance: STG Token","0 ETH","$0.00","0.00034355"
"0x0c6f5d4abf7ba59d963969d9e751c8d0609c863b64a7a6469a69ae3e353f3092","Success","Transfer","15479088","2022-09-05 17:21:56","0xdfd5293d8e347dfe59e90efd55b2956a1343963d","Binance 16","0x4fabb145d64652a948d72533023f6e7a623c7c53","Paxos: BUSD Token","0 ETH","$0.00","0.00065809"
"0x5fdb66b3f01201a7c6214fcc93cc11a35b4eed3ca589d3f0511dfa58a9ce7d4a","Success","Transfer","15479088","2022-09-05 17:21:56","0x28c6c06298d514db089934071355e5743bf21d60","Binance 14","0x792d0c8760d1043f3b2c6594498a18fd26ba398a","","0.04774 ETH","$183.35","0.00020837"
"0x6b93be7909b69693787533bfc355ba45df8cfbbf1828ccad3616bcd78bc5f985","Success","Transfer","15479088","2022-09-05 17:21:56","0xdfd5293d8e347dfe59e90efd55b2956a1343963d","Binance 16","0x7420b4b9a0110cdc71fb720908340c03f9bc03ec","Jasmy: JASMY Token","0 ETH","$0.00","0.00051474"
"0x3de87e3df76a3dc2b303fe5f9bbed4fc638d9eeece53aeb91ce863ffbc943374","Success","Transfer","15479088","2022-09-05 17:21:56","0x9696f59e4d72e237be84ffd425dcad154bf96976","Binance 18","0x4c9af439b1a6761b8e549d8d226a468a6b2803a8","","0.325868 ETH","$1,251.54","0.00020837"
"0x62bcd9d53e186fd909fe911de084bd9ba94b9955a452fea2779a0c7d0fa1d280","Success","Transfer","15479088","2022-09-05 17:21:56","0x21a31ee1afc51d94c2efccaa2092ad1028285549","Binance 15","0x202c52b95482d6ec2276a2c8d729160989504ffd","","0.04904 ETH","$188.34","0.00020837"
"0x4ca4cb502d87f7bfe9800a43a5a53366219877b06995e9d4f9855eda8aa1ad17","Success","Transfer","15479088","2022-09-05 17:21:56","0x56eddb7aa87536c09ccc2793473599fd21a8b17f","Binance 17","0xf69c012cd63727b337f62ec7cf046e65913d5033","","0.01010798 ETH","$38.82","0.00020837"
"0xbb0382b5e48370d8fd6a98288dd2191851bfb069b47fac1e328baac5d80ff520","Success","Transfer","15479088","2022-09-05 17:21:56","0xdfd5293d8e347dfe59e90efd55b2956a1343963d","Binance 16","0x6db989d68ac66ff19a0122d69c50cd470402f402","","0.00892237 ETH","$34.27","0.00020837"
"0xb9713179d329cc533ac784a14060dfae9601c0296f535bae42da8de58b6ee22a","Success","Transfer","15479088","2022-09-05 17:21:56","0x62cb3cb18bd649557e4ea919ccfaacfb358c1d6a","","0x95ad61b0a150d79219dcf64e1e6cc01f0b64c4ce","Shiba Inu: SHIB Token","0 ETH","$0.00","0.00051469"
"0x22fcb278d77c942838a0b384570c088fec30a0ee8e9aaf2be33d28ced087f49c","Success","Transfer","15479088","2022-09-05 17:21:56","0x4976a4a02f38326660d17bf34b431dc6e2eb2327","Binance 20","0x255eb9d32fff95778ddc23a51df68db3bd145e1d","","0.02347793 ETH","$90.17","0.00020837"
"0x3c5f743da2b1beb4c589815259ace6e317ffcd6d538363d893f9e1896b416f32","Success","Transfer","15479088","2022-09-05 17:21:56","0x9696f59e4d72e237be84ffd425dcad154bf96976","Binance 18","0x003b8df4df55690cfa92f91997c75341cb88f399","","0.0140269 ETH","$53.87","0.00020837"
"0xe4e57fb2faf8d493487b99edeb1aa8f93aedb3f6f2fbddde5758bf68bb61bd9a","Success","Transfer","15479088","2022-09-05 17:21:56","0x21a31ee1afc51d94c2efccaa2092ad1028285549","Binance 15","0x98339859e8eb8224a54935136fbdc7d380342b37","","399.88904 ETH","$1,535,824.76","0.00020837"
"0x6cf2781853a012efcf070f9e73e96a352f6d49fb45ed8f2bea1732fb0efa8605","Success","Transfer","15479088","2022-09-05 17:21:56","0x56eddb7aa87536c09ccc2793473599fd21a8b17f","Binance 17","0xdac17f958d2ee523a2206206994597c13d831ec7","Tether: USDT Stablecoin","0 ETH","$0.00","0.00045751"
"0x75a03bbe430f09f9c472561d6ae5040a2aef65d3814449ccc1b6a00307eefaa9","Success","Transfer","15479088","2022-09-05 17:21:56","0x28c6c06298d514db089934071355e5743bf21d60","Binance 14","0xf87890e7ce6925693160045132ee21b84574f4ee","","0.7344039 ETH","$2,820.57","0.00020837"
"0x98bde45f4caae2e0619b7e2c2e3cc61f0a8fd1ae8b66f8530e1988986d27a771","Success","Transfer","15479088","2022-09-05 17:21:56","0x4976a4a02f38326660d17bf34b431dc6e2eb2327","Binance 20","0xd350c2ed8f7a4d49b219059fe7474dee371011e0","","0.02219732 ETH","$85.25","0.00020837"
"0xc31443aee1b19eb20c8cfa8353dad646e50b75e8a29a530757eccc4daa565b9c","Success","Transfer","15479088","2022-09-05 17:21:56","0x9696f59e4d72e237be84ffd425dcad154bf96976","Binance 18","0x27f88d3bcbb3b7d3a5bee4c8c0cb8c9915993adb","","0.09904 ETH","$380.38","0.00020837"
"0xe62b1e3d85643869cb92094fd1dc0248bacafbe76e8bc8c14f2a4ac6a4f621a0","Success","Transfer","15479088","2022-09-05 17:21:56","0x21a31ee1afc51d94c2efccaa2092ad1028285549","Binance 15","0xa0b86991c6218b36c1d19d4a2e9eb0ce3606eb48","Circle: USDC Token","0 ETH","$0.00","0.00065116"
"0xe634ca9103d36da22c5414d4a1be494a1d7d6eee1a099abeccedc6feaa133d3a","Success","Transfer","15479088","2022-09-05 17:21:56","0x56eddb7aa87536c09ccc2793473599fd21a8b17f","Binance 17","0xb432cebeecec5eb8c066394f116169543e7f2e6d","","0.07004 ETH","$269.00","0.00020837"
"0x5755385574d3c5e5248cef79385e12f1d3d70e35da0497cddde2d2931e63bfc3","Success","Transfer","15479088","2022-09-05 17:21:56","0xdfd5293d8e347dfe59e90efd55b2956a1343963d","Binance 16","0x15d4c048f83bd7e37d49ea4c83a07267ec4203da","GALA: Old GALA Token","0 ETH","$0.00","0.00051529"
"0x5a92e5c01f637e6c6c833dd5ca1d089d020cf586e63a938fd4cf5408121d93a7","Success","Transfer","15479088","2022-09-05 17:21:56","0x28c6c06298d514db089934071355e5743bf21d60","Binance 14","0xd2877702675e6ceb975b4a1dff9fb7baf4c91ea9","Terra: LUNC Token","0 ETH","$0.00","0.00051435"
"0xdcd5c87f500dc77f581876702b7be561e8bc5c7f7adc806d0ae0bec01b1b9997","Success","Swap Exact Tokens For ETH Supporting Fee On Transfer Tokens","15479088","2022-09-05 17:21:56","0x43462694c43c4ec61921f2739b97f6c55a831cef","","0x7a250d5630b4cf539739df2c5dacb4c659f2488d","Uniswap V2: Router 2","0 ETH","$0.00","0.00154553"
"0xc6836e8e0ec0e355ded13b98d7c184239a008b7659d6d267fe31a928b1db43a6","Success","Approve","15479088","2022-09-05 17:21:56","0x87a11a1f2e117f6cd2ce68498cae6d2170788406","*💰️lady.eth","0x4a4a1b06b8ce1d3a66ca018a8f95f54d678e001e","","0 ETH","$0.00","0.00046207"
"0xd8c56d8453d9b3639d79625e2dd7a41f2c5495dfce59b252cd84aa44bccdc460","Success","Swap","15479088","2022-09-05 17:21:56","0x6a632736020bcc4be15b41767120454105fca849","","0x881d40237659c251811cec9c364ef91dc08d300c","Metamask: Swap Router","0 ETH","$0.00","0.00291799"
"0x33964f13dfc5a700778c51b18af97e28535e2f92ff302cce82a2201ea8509dcd","Success","Swap","15479088","2022-09-05 17:21:56","0x26c6b16face0d409c99ccd4819ded7b1f3bab2c9","","0x881d40237659c251811cec9c364ef91dc08d300c","Metamask: Swap Router","0.066 ETH","$253.48","0.00163775"
"0x0d3e9e9ccd934497b30874bfc2abf316909979422cd560b7297d540f733edf27","Success","Transfer","15479088","2022-09-05 17:21:56","0xddfabcdc4d8ffc6d5beaf154f18b778f892a0740","Coinbase 23","0x0f90e58f63b2aef3b05d80eb63fec649bcfad4ac","","0.01 ETH","$38.41","0.00020837"
"0xf446ccd2bb39f09d8337b29e8e6cec34d1b6b605b12b3faf6306d7a5d63b7395","Success","0xca350aa6","15479088","2022-09-05 17:21:56","0x7830c87c02e56aff27fa8ab1241711331fa86f43","Coinbase: Deposit","0xa9d1e08c7793af67e9d92fe308d5697fb81d3e43","Coinbase 10","0 ETH","$0.00","0.0039956"
"0x9cc1624271694a68e44d0a47fedf5674cfbe1b768be34ec3eccfca624a48c026","Success","Transfer","15479088","2022-09-05 17:21:56","0x3cd751e6b0078be393132286c442345e5dc49699","Coinbase 33","0xc172567c84531d16c50ab2b83db648fe32362873","","0.02227775 ETH","$85.56","0.00020837"
"0x1c7d3c6c186ac413c7638564bcb68d12ef9730333dd0f149616c29e80a84d054","Success","0x1a1da075","15479088","2022-09-05 17:21:56","0x7830c87c02e56aff27fa8ab1241711331fa86f43","Coinbase: Deposit","0xa9d1e08c7793af67e9d92fe308d5697fb81d3e43","Coinbase 10","0 ETH","$0.00","0.00138694"
"0xb7207397fe9096a85f8594e4f1bd2d5c69cde820834f2b9d64776a9489a29011","Success","Transfer","15479088","2022-09-05 17:21:56","0x267be1c1d684f78cb4f6a176c4911b741e4ffdc0","Kraken 4","0x0f475771e2dd2450ea7fdeeca2fb19e6fdf20e27","","0.51225 ETH","$1,967.36","0.00020837"
"0xdd84ab34622192acb6d56f7d46374e3c54e50f7df4cf72456468eb0167401b99","Success","Transfer","15479088","2022-09-05 17:21:56","0xddfabcdc4d8ffc6d5beaf154f18b778f892a0740","Coinbase 23","0x199ac2692bdbbc1c9ae53e4dc7d062d7aecef3d2","","0.0132777 ETH","$50.99","0.00020837"
"0x40e5befc1092c8916daa68af007d88cc54fd2627c3861912853540bfdac8c7ef","Success","Transfer","15479088","2022-09-05 17:21:56","0xb5d85cbf7cb3ee0d56b3bb207d5fc4b82f43f511","Coinbase 44","0xe16ffbe292931f80c236206c76362fbd3e91fc0c","","3.41983326 ETH","$13,134.30","0.00020837"
"0x9a5b0f463231077d22814691d4098ed618f8ea9c29686e54516169657c9769df","Success","Set Approval For All","15479088","2022-09-05 17:21:56","0x3c59f84ec32052dd215e78dccf592c1796d80c51","","0x585cfdd161c6e3d459727a2364a4a768fbf0ff85","","0 ETH","$0.00","0.00046036"
"0x141ab6c5d8096488152b0af0724ebe30115f1d623bcb4be9080531acedb4dedd","Success","Transfer","15479088","2022-09-05 17:21:56","0xf60c2ea62edbfe808163751dd0d8693dcb30019c","Binance US 3","0xdac17f958d2ee523a2206206994597c13d831ec7","Tether: USDT Stablecoin","0 ETH","$0.00","0.00045751"
"0x325a21416052bcc2b9a9b252ad2877e555d967cdc8a0005e3b893399c56365f3","Error in Main Txn : execution reverted","Multicall","15479088","2022-09-05 17:21:56","0xd5da5895b6d47063ec3c23b542f8da981586b77b","","0x68b3465833fb72a70ecdf485e0e4c7bd8665fc45","Uniswap V3: Router 2","0.116940315 ETH","$449.12","0.00035206"
"0xd779208528ebd74627bda5b68dd7bbe13f27a7ccb7b3d5283ec51a2891a17b21","Success","Mint","15479088","2022-09-05 17:21:56","0xd9553858879be3ccdd3c9057335888dd9dded930","","0x0b3e1e107dff3c7ceaaa1a29b96228b573a6d69f","","0 ETH","$0.00","0.00111337"
"0x07e44fc8da3c8d058b247bc3d87e1ef595ee235dd8da58f04a0f9820e81d142e","Success","Fulfill Basic Order","15479088","2022-09-05 17:21:56","0xc39b7b354271c4a1d272ee90e6f323ca5484b135","","0x00000000006c3852cbef3e08e8df289169ede581","Seaport 1.1","0.003 ETH","$11.52","0.00182578"
"0x47fb55440e3930040b0a6b9a764155270fce59e8b751ab7fd0780c6f9fc726e6","Success","Mint Native","15479088","2022-09-05 17:21:56","0x6a78230768c1a8d75b0b3a3f00f62786020c0424","","0x3819f64f282bf135d62168c1e513280daf905e06","Hedron: HDRN Token","0 ETH","$0.00","0.00074441"
"0x3dcdfd0d400382a8c72efe129e3252bc647577b45eacc4895d5b918586b94c1d","Success","Fulfill Basic Order","15479088","2022-09-05 17:21:56","0x40c52a227713f95df575e0baf4a186025f1909e4","","0x00000000006c3852cbef3e08e8df289169ede581","Seaport 1.1","0.015 ETH","$57.61","0.00147389"
"0x60b512425ca87af00ee55f448640390c7baea4654e39e6fb16773d2d9ad94804","Success","Fulfill Basic Order","15479088","2022-09-05 17:21:56","0x5c1e358208a189e9b76c2d9f56cff515e1777478","","0x00000000006c3852cbef3e08e8df289169ede581","Seaport 1.1","0.777 ETH","$2,984.17","0.00156462"
"0x7f8eacb2e0339b71698698b8d1b4f6d30e52c7d099a4fdc06e3c3feb80a6cc5e","Success","Transfer","15479088","2022-09-05 17:21:56","0x3018018c44338b9728d02be12d632c6691e020d1","","0x52e3dc46feac83d96e2e0d88cd7a496397633c90","","0.0026 ETH","$9.99","0.00020837"
"0x175a745eedb5847c0037403aa3e813e5f33bddfbb2d8805676298bfb871cfd2b","Success","Transmit","15479088","2022-09-05 17:21:56","0x66e3dca826b04b5d4988f7a37c91c9b1041e579d","","0x7d096e186f81f8dd70cd4ef154051afd55a3a1c7","","0 ETH","$0.00","0.00175143"
"0xea2e967555858ad9d7520cfcc78c406f93ef824bb124b759cc554751f2b46984","Success","Swap","15479088","2022-09-05 17:21:56","0xb76490851342bbc68472978545f88a7ebfd1c789","","0x881d40237659c251811cec9c364ef91dc08d300c","Metamask: Swap Router","0 ETH","$0.00","0.00183558"
"0xda4637c486e13a20593d9e91f619bac2b6e01459a6e2e38caa82576863144720","Success","Transfer","15479088","2022-09-05 17:21:56","0xb91a365b4342151a6cc84d882bbc34439950d51a","","0xda56a3ad4c1992696192191284c9a3e7a7962c4d","","0.00251 ETH","$9.64","0.00020837"
"0x841602f4f7ade75fdc4cdbd82a2e4b63a73c139d4e0796c3977cacb8de5ebe70","Success","Multicall","15479088","2022-09-05 17:21:56","0x4ef91e5d50b92c53593608a05c6a763fbab902f5","","0x68b3465833fb72a70ecdf485e0e4c7bd8665fc45","Uniswap V3: Router 2","0.055493022 ETH","$213.13","0.00116407"
"0x5d0fe2f7c8dcc3c2909f894018df8ac5d0a2c411caf5e39b3efa15f00a2cd0fc","Success","Transfer","15479088","2022-09-05 17:21:56","0xc789e6b9ac6750d9d1c423755adbdfa03cea40f5","","0x00f0486a7d3d3cf0aa08b04f36b84ccb7fd57556","","0.020070532 ETH","$77.08","0.00021"
"0xd28d69a4324c9e369f2f3b0201f1096fc3045e79816fb784c9ab6f8f23726604","Success","Deposit Eth","15479088","2022-09-05 17:21:56","0x6e79c7ded75ec3cc2e098e03fbec011d7807ecfa","","0xf5c9f957705bea56a7e806943f98f7777b995826","Sorare: L2 Bridge","0.04867934 ETH","$186.96","0.0007551"
"0x4e4502540ad6875853ed8ac8616e38cdf59a2a4a72a0c301e6da4bc975e97b1b","Success","Transfer","15479088","2022-09-05 17:21:56","0xa60efe89e07cfcf83eb30f3b063834f0f8b30466","","0x0a327c09c1ca1c557670e2cea2d11e7d1db59bd0","tinderx.eth","0.093947 ETH","$360.82","0.00021"
"0x80a1f60b809dd317ea1313795fc969b46198537880d85ebf4643f8accc7c73cc","Success","Transfer","15479088","2022-09-05 17:21:56","0xd3e5b815843c31f621f2253c836b34f84debfe29","QMall 3","0xd884175dcc15e009776261c5bf8df4ee113622c4","","0.13114462 ETH","$503.68","0.00021111"
"0x6bc6aaee2078ab7e0fe8ef3cb1082cc6cf31902d3749314a098f6b788525fa68","Success","Transfer","15479088","2022-09-05 17:21:56","0x7257e317481ce8025f89e74ba50c5dc278602916","","0xc18360217d8f7ab5e7c516566761ea12ce7f9d72","ENS: ENS Token","0 ETH","$0.00","0.00059095"
"0xa8dbb5440bad125702b4a571ef48479826744e7a0e3a6f0431cdce574b658a29","Success","Mint","15479088","2022-09-05 17:21:56","0xa3eec48ea066aca188ed7e2f257fc8bb77bff418","","0x0b3e1e107dff3c7ceaaa1a29b96228b573a6d69f","","0 ETH","$0.00","0.00116927"
"0x55ba9ffe5d485dfa29ea947d3603cf05ff9f9e566be93555e00bd55d1bf747b4","Success","Approve","15479088","2022-09-05 17:21:56","0xec08c0158611e1e72eb6aff0b1e7da7e86f25ad8","","0xf79eb8fb02e196b53d8051d573e0021d0f495ee1","","0 ETH","$0.00","0.00049257"
"0x971809fe1a66ea2503aaa74ccbab091ddcb0511131b167716a627faf897d497f","Success","Approve","15479088","2022-09-05 17:21:56","0x95f249beec5c19e6a757706910ff0da756c54452","","0xf79eb8fb02e196b53d8051d573e0021d0f495ee1","","0 ETH","$0.00","0.00049257"
"0xd3adc79f3f6836464ca31893c66bfddd2855bab2e5d6aed11a4dbdecb4971edb","Success","Purchase NFT","15479088","2022-09-05 17:21:56","0x4f591e78b4084ae88427139d1f1eee909f2d9987","","0xca06a15fd0c1cce807f4793ddef1936e3390a4d2","","0.05 ETH","$192.03","0.00171141"
"0x8e2801240742768b6923c724dd008593bbd001512786904d0dd43c77c85b39f6","Success","Mint","15479088","2022-09-05 17:21:56","0x0d1e396447faf93018fccdc6c017bffb977c3331","","0x0b3e1e107dff3c7ceaaa1a29b96228b573a6d69f","","0 ETH","$0.00","0.00116902"
"0xbb4a7c9b22291b8c4d173e19bfe18bee10be50f9a48f748d06e9ea0d9ecf7e95","Success","Transfer","15479088","2022-09-05 17:21:56","0x03c7e9c2d8db7f393159c035698233dace23b4e7","","0xc16e9c91adf12e965a9b6ece93fce9bf7cc16016","","0.077 ETH","$295.73","0.00021887"
"0xfedc7a5ab39ef9c6f2779fd52d70839a8b006ad81878910e0ddfd5b5d722fde9","Error in Main Txn : execution reverted","Purchase NFT","15479088","2022-09-05 17:21:56","0xa47969383ad18377070abdb051bce4a348a2c53d","beerbaron.eth","0xca06a15fd0c1cce807f4793ddef1936e3390a4d2","","0.05 ETH","$192.03","0.00027521"
"0xc4c7c755a3cf4a1baf35a02cbc502fb6d8119138c54b0b8dbe8dee218c545e2c","Success","Mint","15479088","2022-09-05 17:21:56","0x8a0bd2c34c38b6b49b005bd17ebe6af485624a2c","","0x0b3e1e107dff3c7ceaaa1a29b96228b573a6d69f","","0 ETH","$0.00","0.00116927"
"0x356bc88025de17a86b736e6c7821f996b47260ef9196ce4b4302c6f5fc89652a","Success","Deposit Eth","15479088","2022-09-05 17:21:56","0x74b71fd62b7c8c72f1c5cf5c15321967744cf465","","0xf5c9f957705bea56a7e806943f98f7777b995826","Sorare: L2 Bridge","0.3127 ETH","$1,200.96","0.00078712"
"0x36533d48764e9c1513e9f4a851b31522cbe96f81bcab54e0d76699927eae95a6","Success","Approve","15479088","2022-09-05 17:21:56","0x21faff3ca9c8d201f30f0dc05cab3633707c7796","","0xf79eb8fb02e196b53d8051d573e0021d0f495ee1","","0 ETH","$0.00","0.00049257"
"0x8aa0c5ca54f2a3690ec3bb64091ef38f56d85bb43f92c9831934541b3e7542be","Success","Mint","15479088","2022-09-05 17:21:56","0x92bd159018e5691f58cc11bbf79a8987ab79fc7c","","0x0b3e1e107dff3c7ceaaa1a29b96228b573a6d69f","","0 ETH","$0.00","0.00116947"
"0xf51b858eff4afb1cb1d11092fe50e5d59a8a330464ce655b1ec1355b398b0117","Success","Start","15479088","2022-09-05 17:21:56","0x27b20b7fe21d77739a87b4c8c26770466468fdad","","0xa2872f778db9164060c3c5c66b839b254d55478b","","0 ETH","$0.00","0.00037401"
"0xf1cdff93b967a29b74c663eca4a69f1aa15212cab9fd750e962c0e25a93c707c","Success","Mint To","15479088","2022-09-05 17:21:56","0x4762b5ac03fc097a500b48cfefffc027e8b37227","mrrichi.eth","0x9f65f845d85132eafa36332fe88f34cc8c5a1e68","","0 ETH","$0.00","0.00335593"
"0x631f46fc450bcb0352cbdf785e4d17bbcc3c829e8cbe3d1556fb0c4071cf9a22","Success","Approve","15479088","2022-09-05 17:21:56","0x14438bc1fc58656065aa3b971f42976cfdaedfd9","","0x7b4328c127b85369d9f82ca0503b000d09cf9180","Dogechainfamily: DC Token","0 ETH","$0.00","0.00049535"
"0x9ba9728c23a179a938e99304acd699461423b44e6248d22daf9b1bb54657f228","Success","Transfer","15479088","2022-09-05 17:21:56","0xb287eac48ab21c5fb1d3723830d60b4c797555b0","MoonPay 9","0x127e5be36ffa7f834a58d8a3bf99b223154ead38","yesca.eth","0.182 ETH","$698.99","0.0002225"
"0xe7e96e05637d1f84fe59fd3e55efbf938570ed973901b2b9564e353671cb14f2","Success","Transfer","15479088","2022-09-05 17:21:56","0x8216874887415e2650d12d53ff53516f04a74fd7","MoonPay: Withdrawals 1","0xfa07c987e3ec14b77baba5873dbb3662142b707f","","0.0601 ETH","$230.82","0.0002225"
"0x779c68147e75bff61104a39f57273506d1d001dd1f3174fd4382581fced0bcc9","Success","Transfer","15479088","2022-09-05 17:21:56","0x151b381058f91cf871e7ea1ee83c45326f61e96d","MoonPay 4","0x26b9c07d80a041e2d16715ca8d6cd3be96cf86c0","","0.0177 ETH","$67.98","0.0002225"
"0x74affbbd377c5cb140b55d17d65a78d0d46a382a34bd00d5ebf7fc3df5b45337","Success","Transfer","15479088","2022-09-05 17:21:56","0x4fb700b24012aff01944ebb055814fe18124c49b","","0x3ef28d34456ab2984e57d2f43c1002d931ffd058","","0.014128055 ETH","$54.26","0.0002261"
"0x36d9d56d90510493d230dcde207b08679d8615f948b97ae7718afced9f0c241c","Success","Send Funds To User V2","15479088","2022-09-05 17:21:56","0x1439eda7f9a911b9120e9a0dafb60eae317f7685","Hyphen: Executor 2","0x2a5c2568b10a0e826bfa892cf21ba7218310180b","Biconomy: Liquidity Pool","0 ETH","$0.00","0.00226664"
"0x5b0754362fb2703263611c42123dd12b7443aa8dfcaa968ebbbb7796288bff37","Success","Transfer","15479088","2022-09-05 17:21:56","0x4e80744fa23cec76e1621ce0dfaceb4b1d532e12","Old Duelbits","0xf740a6725d25d165783fefd641534e56a8a67661","3rdleg.eth","0.383703426 ETH","$1,473.66","0.0002268"
"0x2da424f8b9f132b300b189ac9ef3f91030201d26efd6c4aaa3051d28a7c0d399","Success","Exit","15479088","2022-09-05 17:21:56","0x14905045a31d76bc7e1ba26af02e86d0d8bc9ebd","","0xa0c68c638235ee32657e8f720a23cec1bfc77c77","Polygon (Matic): Bridge","0 ETH","$0.00","0.00237928"
"0x908ea8b4d8ff2473340da6bd9b3db316ed43bd13a27980e77e2954d38f039fe2","Success","Transfer","15479088","2022-09-05 17:21:56","0xc16e403c851995cfba73c8dca47d178273896157","","0xdac17f958d2ee523a2206206994597c13d831ec7","Tether: USDT Stablecoin","0 ETH","$0.00","0.00045413"
"0xfaf522e82063039f91a482b0148133f5246c69eb4a1815aa10f5a287996675ef","Success","Transfer","15479088","2022-09-05 17:21:56","0x6ed468419c35e03791cd0abc6ce9016f038c490e","","0xdac17f958d2ee523a2206206994597c13d831ec7","Tether: USDT Stablecoin","0 ETH","$0.00","0.00069516"
"0x55ee35ce6168da22fec82d52e93708f3440c46a062544d976dc3dc093fb09022","Success","Transfer","15479088","2022-09-05 17:21:56","0x8ad82a34fecda078c1f0c53871f258ab27832478","","0x052012751c1132dac8ab8fac575f8177b63a7a7a","","0.001984555 ETH","$7.62","0.00023628"
"0x84cc40c9d640711547b6e1279438b616ae047931d11efb3bcdc3f92050f1bd89","Success","Transfer","15479088","2022-09-05 17:21:56","0x2e6c6b1e48b70dbaed793662948c8d7bf6145d83","","0x6dfc34609a05bc22319fa4cce1d1e2929548c0d7","AlphaPo 1","0.02463434 ETH","$94.61","0.00024003"
"0xdfa307ae0c7005899397710fd279d7f3509717fb82c9ac7cd00923e945b964fc","Success","Transfer","15479088","2022-09-05 17:21:56","0xed793a24ff2154503cec4a354d9cbea088f4d8fc","","0x6dfc34609a05bc22319fa4cce1d1e2929548c0d7","AlphaPo 1","0.06301385 ETH","$242.01","0.00024003"
"0x6dbf99aaecd8a37f2250c12ed6786fbdafdab1a2a9a9862963bc663e2473d06a","Success","Transfer","15479088","2022-09-05 17:21:56","0x36e9690244f829616cec3c81057d8bfb8c938b7d","","0x6dfc34609a05bc22319fa4cce1d1e2929548c0d7","AlphaPo 1","0.09359962 ETH","$359.48","0.00024003"
"0x2e7502ff77fb67ea196d7b17d73be16d35f8da90cb50a6673201fbdb8e1ec192","Success","Transfer","15479088","2022-09-05 17:21:56","0x1e99f550003c11a1058c33c72dee4df7bbd537f0","","0x6dfc34609a05bc22319fa4cce1d1e2929548c0d7","AlphaPo 1","0.09807997 ETH","$376.69","0.00024003"
"0x842b81fa5fae06ec6570790584337655032c724a288aea082eade82e87eb5668","Success","Transfer","15479088","2022-09-05 17:21:56","0xc2b11333ef7e1fefdfa2a83016c8a88e1c99b85d","","0x1fcdce58959f536621d76f5b7ffb955baa5a672f","The Force Protocol: FOR Token","0 ETH","$0.00","0.00055238"
"0x6c668e84b3a619f734b6479fc35d4da13e26a1395dbb87ff1a54ac77d5283915","Success","To PMM","15479088","2022-09-05 17:21:56","0xd9a8a8826f93cfda6d1387de6105c67a09fe3fbb","","0x03f34be1bf910116595db1b11e9d1b2ca5d59659","Tokenlon: DEX 2","4.94 ETH","$18,972.70","0.00327456"
"0xfd5f3e82ad50c56a26865e04c989822942d42069de434cc323652f567454e3fd","Success","Transfer","15479088","2022-09-05 17:21:56","0xfb9779477e5b4834bf2bc02dd29b97b344d0f700","","0xfb9779477e5b4834bf2bc02dd29b97b344d0f700","","0 ETH","$0.00","0.00024874"
"0x66bc045fb62e2a12c3d6718f9d237b67470181a91a7e4da81e1103fae02f1d61","Success","Transfer*","15479088","2022-09-05 17:21:56","0x58507fed0cb11723dfb6848c92c59cf0bbeb9927","","0xd7d8e48abdcbd61add5d533d7ce542e54a5c3975","","0 ETH","$0.00","0.00033774"
"0xe20508ce846ff60eb25184ead1179c61ad400d69af7f2c2ff6ebdfb42016887a","Success","Cast","15479088","2022-09-05 17:21:56","0xfcec3a785c9d916467ff3c372835c6c8f00d5b44","zscape.eth","0x0f49be5f1ae83131eb2dbd3aae86fd75e25b6ae2","","0 ETH","$0.00","0.00156172"
"0xdf2a50386158e48e3426f0a59b65e24d6de85f597634381fb11ec667283f27a4","Success","Payout","15479088","2022-09-05 17:21:56","0xbfae09cd244a48d35b612bdea8ca013ad2050025","","0x398fbeadf5a8bdd47493cf23221767a8c10ffb8d","","0 ETH","$0.00","0.0005881"
"0x2d2e42d5cfaa0960235219663cddc588f859e0a44b1ad75592bffb501e242cea","Success","Swap Exact Tokens For ETH Supporting Fee On Transfer Tokens","15479088","2022-09-05 17:21:56","0x4b71039b78c052e6ec1166f72661e9166e048fac","","0x7a250d5630b4cf539739df2c5dacb4c659f2488d","Uniswap V2: Router 2","0 ETH","$0.00","0.0021471"
"0xb91c17bab1fe784c7374a6bf19313d92040c19307ada9939e73b0a90670375d4","Success","Split","15479088","2022-09-05 17:21:56","0xa865e6aeb668b7c08566bb984ff0f078c1d71220","","0xfa52274dd61e1643d2205169732f29114bc240b3","Kraken 5","0.09949593 ETH","$382.13","0.00044677"
"0x6519374b9ae4b2efcccc54b542b7823002391b0a0a3ebcfdffe2940e65f1d2a6","Success","Transfer","15479088","2022-09-05 17:21:56","0x963737c550e70ffe4d59464542a28604edb2ef9a","Union Chain","0xd0eb95b19fe38b65e743f6c02009a376cd6b950b","","0.041116 ETH","$157.91","0.00027942"
"0x6627325a6e7197eadb279b59ded94052f8c8686ce191e521f3c807a53b165beb","Success","Multicall","15479088","2022-09-05 17:21:56","0x24c6bbb049784095b398f54b963cc5c9189436e3","chartvoyeur.eth","0x68b3465833fb72a70ecdf485e0e4c7bd8665fc45","Uniswap V3: Router 2","0 ETH","$0.00","0.00356603"
"0x17c847eeb93f843181f8d3e35cb5e17abe5ea9c0fc09cd02f2c805511a308191","Success","Swap Exact Tokens For Tokens Supporting Fee On Transfer Tokens","15479088","2022-09-05 17:21:56","0x3ba58b222954dbc1c24f1b00b5f7fa9ebc3da814","","0x7a250d5630b4cf539739df2c5dacb4c659f2488d","Uniswap V2: Router 2","0 ETH","$0.00","0.00323189"
"0x10985127cc2b458ad804f16c0604435fe770cc1362ac14850cc3257986c7e2d1","Success","Transfer","15479088","2022-09-05 17:21:56","0x6238872a0bd9f0e19073695532a7ed77ce93c69e","","0xb906724f668fbf499f393ae70e2933412c86d820","","1.7108 ETH","$6,570.55","0.00028787"
"0x98c5258773c375d3e9f1dc4dc32dba1bd3dc69249155d1b668219db2b13ec5d0","Success","0x59a00680","15479088","2022-09-05 17:21:56","0x506c082ae6caabba8a37bd5a8b671aeac4f68164","","0x58124619a4ea38d215d36c962ac5cd73462acdd6","","0 ETH","$0.00","0.00037839"
"0x21b74c4534394a1c4ca1e0a5a2e11023a73bc87706afe080244723d364fb150e","Success","Transfer","15479088","2022-09-05 17:21:56","0xc098b2a3aa256d2140208c3de6543aaef5cd3a94","FTX 2","0x36bcf478ff88a9761f996272f41cc46d762238fa","ByBit Dep: 0x36bcf478Ff88a9761f996272f41cC46d762238FA","0.9975 ETH","$3,831.03","0.00028806"
"0xf2a8266e9404f7f3b095f6e090804261b369f6b48dc8fd3d8676ff85c0171871","Success","Transfer","15479088","2022-09-05 17:21:56","0xc098b2a3aa256d2140208c3de6543aaef5cd3a94","FTX 2","0x7ddf710cf1d46f6172e9f64f100fe72fa2405b7d","godology.eth","0.01 ETH","$38.41","0.00028806"
"0x1b982496c4f4ad33c8bb2c5d520bb826fa9150181aa9c2aa227d55299623fcbf","Success","Transfer","15479088","2022-09-05 17:21:56","0xc098b2a3aa256d2140208c3de6543aaef5cd3a94","FTX 2","0x700a54ff04e5155a3f4fb66b7e789da42ca656f2","","0.0935 ETH","$359.10","0.00028806"
"0xd5d76a1b7484f4b9b03203228e83a2811d8bfbdf800e459ac802f493bea23dde","Success","Transfer","15479088","2022-09-05 17:21:56","0xc098b2a3aa256d2140208c3de6543aaef5cd3a94","FTX 2","0x9a3d12f240cb67f7c3fdbdd9777489f450892c98","","0.003 ETH","$11.52","0.00028806"
"0xe516878a791a18ea992eb9f274a45212ae64d1d44a30af37244dbfcbb398a98c","Success","Approve","15479088","2022-09-05 17:21:56","0x903d13d2bc4d187ab5316a76c45cc971dda6e226","","0xf79eb8fb02e196b53d8051d573e0021d0f495ee1","","0 ETH","$0.00","0.00070525"
"0x587111b4f0df37528669d3743503c0f6d3b7e49be0c1b5a8ef717c1198332aba","Success","Transfer","15479088","2022-09-05 17:21:56","0xc9216837ba1c32d14b5cb049a4ff906411a19887","","0xd47e2ab09124c3aaf31847395197411f621d29fc","","0.27926717 ETH","$1,072.56","0.000315"
"0xf35385e4e77355338de6da4adff56ba3f79ca6e689555e3725632f231f26be84","Success","Transfer","15479088","2022-09-05 17:21:56","0x75e89d5979e4f6fba9f97c104c2f0afb3f1dcb88","MEXC 1","0x0f2d719407fdbeff09d87557abb7232601fd9f29","Synapse: SYN Token","0 ETH","$0.00","0.00087278"
"0x924ccc11d216e27892d788faea6a28a5ac20549c2b8992d7e9ee38a8ae864996","Success","Transfer","15479088","2022-09-05 17:21:56","0x75e89d5979e4f6fba9f97c104c2f0afb3f1dcb88","MEXC 1","0x0f2d719407fdbeff09d87557abb7232601fd9f29","Synapse: SYN Token","0 ETH","$0.00","0.00087258"
"0xefaf8067bb06da3c76f5c0fdd5106da36c2f38a84767daa73b833dc78bd15b07","Success","Transfer","15479088","2022-09-05 17:21:56","0x75e89d5979e4f6fba9f97c104c2f0afb3f1dcb88","MEXC 1","0x74ccf90609a2fdd1791f691ec56482ac809cf2cc","","0.458962 ETH","$1,762.70","0.00033719"
"0x3df5c949627318d41e5feada5e046cceb40594252af0a489c0156ffceb2de430","Success","Transfer","15479088","2022-09-05 17:21:56","0x75e89d5979e4f6fba9f97c104c2f0afb3f1dcb88","MEXC 1","0x7121d00b4fa18f13da6c2e30d19c04844e6afdc8","Luffy: Old LUFFY Token 2","0 ETH","$0.00","0.00145371"
"0x2e9e3757907392311880b6a70b8eff9b582de5f3e457589ec6b3a0e66d065db5","Success","Transfer","15479088","2022-09-05 17:21:56","0xb63532567a568ac54317074de2bcf110e7f3b2f0","","0x84bed957c281bdc325765075909ba68690ccd458","","1.19645051 ETH","$4,595.12","0.00033957"
"0x56c762e84c4d73b2c3750e069f7d56ce87002cc7f9662f3ceb4806b21a4970db","Success","Transfer","15479088","2022-09-05 17:21:56","0xc87b17659747ff20e19f4103a7fab3d3d962c4c1","","0xdac17f958d2ee523a2206206994597c13d831ec7","Tether: USDT Stablecoin","0 ETH","$0.00","0.00106191"
"0x2fbec0a7b03f620b831c03851b7c80d737594db40c7eea59ee4077a7647b275d","Success","Transfer","15479088","2022-09-05 17:21:56","0x51d6d39a983d09362f8a7bb1fc244440cda48b4a","","0xce871acceb3a1ab85503c5eadbb0e4290003aa9b","","0.20867229 ETH","$801.43","0.00036771"
"0xbc9285f4c107bc945082e4cd649cc631af4dc2021fba016f7881d7561f15ebe8","Success","Transfer","15479088","2022-09-05 17:21:56","0x8e8f818d3371f797a2db7edb32803607c8b3c6a9","","0x8e8f818d3371f797a2db7edb32803607c8b3c6a9","","0 ETH","$0.00","0.00036833"
"0x5713f56aebf8d2272f3c5248d47ef5396207994e917892f0e9ff9c9e489d6228","Success","Approve","15479088","2022-09-05 17:21:56","0x56787e8128ab21471af0272b568326510fe2572a","","0x97be09f2523b39b835da9ea3857cfa1d3c660cbb","Uniswap V2: vUSD-VOW","0 ETH","$0.00","0.0009678"
"0x5b219a5bfa37a2fd780bb6190a76f7c256bd7cc48efe75b738abdd7d27554bb3","Success","Transfer","15479088","2022-09-05 17:21:56","0x0e4368c8bb4c9dc52930a459eb6aa747cafd594e","","0xdac17f958d2ee523a2206206994597c13d831ec7","Tether: USDT Stablecoin","0 ETH","$0.00","0.00099715"
"0xfac9d95662321bf2f421960edb864a52f2fa54430442b5f8d9871ebf1f188ede","Success","Transfer","15479088","2022-09-05 17:21:56","0xffec0067f5a79cff07527f63d83dd5462ccf8ba4","Nexo 2","0xbb0e17ef65f82ab018d8edd776e8dd940327b28b","Axie Infinity: AXS Token","0 ETH","$0.00","0.00160153"
"0x7d3ba283f926b73af44fea08dfbb091fd698462a51e72a467fe47b4d6e002692","Success","Transfer","15479088","2022-09-05 17:21:56","0xf6890e3114ebc79f56f49d0072b3aa0af85af949","","0x72b886d09c117654ab7da13a14d603001de0b777","XDEFI: XDEFI Token","0 ETH","$0.00","0.00120034"
"0x526aaaecea2b134cb62cbd77fc0b1d4f5dc46b44c84254f39ec10c01bffa639d","Success","Multicall","15479088","2022-09-05 17:21:56","0x080770e558b312394189e368293460035b029e44","","0x68b3465833fb72a70ecdf485e0e4c7bd8665fc45","Uniswap V3: Router 2","0.298729451 ETH","$1,147.31","0.00659484"
"0x87220fb8561aadbc52bb09a58e3c1bfb4150b0da5e14cc75f42b4443f158a55a","Success","Transfer","15479088","2022-09-05 17:21:56","0x0639556f03714a74a5feeaf5736a4a64ff70d206","Bitget 4","0x25f8087ead173b73d6e8b84329989a8eea16cf73","Yield Guild Games: YGG Token","0 ETH","$0.00","0.00138492"
"0x3424b3dbb41a8027c23355fa5891b72830d3265c8f0981a04080f31e985debed","Success","Transfer","15479088","2022-09-05 17:21:56","0xb53597251878d39e60ced632ad88337f02824108","","0x5ecf09dc8bd786cd4f80a1d73fd64b1f8537797e","","0.093295 ETH","$358.31","0.000945"
"0x63229bb6cee0ae1f69c0186c78c89cb192635507bb94636da1cd777c82d9dae7","Success","Transfer","15479088","2022-09-05 17:21:56","0x128e23cf917f5242b7d790770cb148b7a04c7518","","0xc098b2a3aa256d2140208c3de6543aaef5cd3a94","FTX 2","0.098491675 ETH","$378.27","0.00150832"
"0xd9be52674a63eb78970759c8619a4b1b2f98b8824595b0fc99749011edff3174","Success","Transfer","15479088","2022-09-05 17:21:56","0x7e2c3943d393483e075a0c9a63c4fbefe993264a","","0xc098b2a3aa256d2140208c3de6543aaef5cd3a94","FTX 2","0.008377011 ETH","$32.17","0.00150832"
"0x3f7aa54dcb26257156fc9f9464d8f5add3aa2562e9edc87aaf78f768c07a9718","Success","Transfer","15479088","2022-09-05 17:21:56","0x2f71853561c3684fc5bf67143b706db693263d36","","0xc098b2a3aa256d2140208c3de6543aaef5cd3a94","FTX 2","38.177531675 ETH","$146,625.67","0.00150832"
"0xa98ea1a3cb9721cf05e26dc1e4cee7b7485912918fae29cc9deea08c991339fc","Success","Transfer","15479088","2022-09-05 17:21:56","0xea674fdde714fd979de3edf0f56aa9716b898ec8","Ethermine","0x99c939c574113ad7b58c2621a621a8981c281f71","","0.194216456 ETH","$745.91","0.00018737"